Name,Location,Rating,Contact
Derm Refresh,"2435 Park Ave, Tustin, CA, 92782",4.5,+19492617546
Ageless MD,"14001 Newport Ave, Tustin, CA, 92780",5.0,+17147609918
OC Skin Care Center,"360 San Miguel Dr, Newport Beach, CA, 92660",5.0,+19497677870
Aqua Derm Med Beauty Spa,"23183 La Cadena Dr, Laguna Hills, CA, 92653",5.0,+19496624444
Spela Skin Care and Waxing,"22672 Lambert St, Lake Forest, CA, 92630",5.0,+19495007785
SkinLIV,"4001 Birch St, Newport Beach, CA, 92660",5.0,+19492997370
New Skin And Body Aesthetics,"4980 Barranca Pkwy, Irvine, CA, 92604",5.0,+19492167755
Skincare By Lori,"1303 Avocado Ave, Newport Beach, CA, 92660",5.0,+17142969321
Solutions Skin Care,"3151 Airway Ave, Costa Mesa, CA, 92626",5.0,+17146553495
Smooth M.D. Skin + Laser Bar,"16460 Bake Pkwy, Irvine, CA, 92618",5.0,+18008983736
Skin Renewal by Heidi,"23121 Verdugo Dr, Laguna Hills, CA, 92653",5.0,+19499813426
Bloom Medical Aesthetics,"4840 Irvine Blvd, Irvine, CA, 92620",5.0,+17143897011
"F. Valaie, MD - Cosmetic Surgeon","1601 Dove St, Newport Beach, CA, 92660",5.0,+19492250101
Visage Laser and Skin Care,"5636 E La Palma Ave, Anaheim, CA, 92807",4.5,+17147776625
American Beauty Medi Spa,"23600 Rockfield Blvd, Lake Forest, CA, 92630",4.5,+19492728574
Pure Beauty Skin Care Med Spa,"200 Newport Center Dr, Newport Beach, CA, 92660",4.5,+19492366001
Skin Technology,"1158 Sunflower Ave, Costa Mesa, CA, 92626",4.5,+17143561310
Skin By Char,"15060 Goldenwest St, Westminster, CA, 92683",5.0,+17145804791
Zena Medical,"359 San Miguel Dr, Newport Beach, CA, 92660",5.0,+19492008222
Newport Beach Dermatology & Plastic Surgery,"1441 Avocado Ave, Newport Beach, CA, 92660",5.0,+19497067886
Platinum Medical Spa,"6 Journey, Aliso Viejo, CA, 92656",5.0,+19494259300
"Mozhgan Ashtari, MD - Enliven Medical Clinic","23141 Moulton Pkwy, Laguna Hills, CA, 92653",4.5,+19496006334
Time Unwind Medical Spa,"16460 Bake Pkwy, Irvine, CA, 92618",5.0,+19493333663
Skin By Shila,"1755 Orange Ave, Costa Mesa, CA, 92627",5.0,+19493303440
Epic Skin,"414 31st St, Newport Beach, CA, 92663",5.0,+19492801998
Monique Kim's Skincare,"881 Dover Dr, Newport Beach, CA, 92663",5.0,+17143508190
Ebenezer Medical Spa,"2646 Dupont Dr, Irvine, CA, 92612",4.5,+19495025465
Newport Face N Body,"2222 Michelson Dr, Irvine, CA, 92612",5.0,+19493019993
Beauty Therapy by Tina,"2435 Park Ave, Tustin, CA, 92782",5.0,+19495588711
Club Skin Gym,"17785 Santiago Blvd, Villa Park, CA, 92861",5.0,+17143633431
Tamara Mesaros Advanced Skincare,"22 Odyssey, Irvine, CA, 92625",5.0,+19494674615
OC Facial Center,"23702 El Toro Rd, Lake Forest, CA, 92630",4.5,+19497505970
Bombshell Beauty and Skincare,"113 Waterworks Way, Irvine, CA, 92618",5.0,+19493790590
Skincare By Carrie,"30131 Town Center Dr, Laguna Niguel, CA, 92677",5.0,+19492857843
Facial Lounge,"3810 E Coast Hwy, Corona Del Mar, CA, 92625",5.0,+19494325915
Skin Perfect Medical Aesthetics,"10380 Foothill Blvd, Rancho Cucamonga, CA, 91730",4.5,+19092819020
AMA Regenerative Medicine & Skincare,"2302 Martin St, Irvine, CA, 92612",4.5,+19494284500
Spa Carmen,"145 Broadway, Costa Mesa, CA, 92627",5.0,+19496376499
My Skin Medical Spa,"711 W 17th St, Costa Mesa, CA, 92627",5.0,+19492098953
BioSpa,"3991 Macarthur Blvd, Newport Beach, CA, 92660",5.0,+19493475656
Skin Care by Christina,"369 S Glassell St, Orange, CA, 92866",5.0,+17144502878
Tru Skin Rituals,"474 E 17th St, Costa Mesa, CA, 92627",5.0,+17149064356
Daisy MD Care,"5001 Birch St, Newport Beach, CA, 92660",5.0,+18778773030
Giovinezza Laser and Skin Rejuvenation,"280 Newport Center Dr, Newport Beach, CA, 92660",5.0,+19493646161
E B Medical Spa & Laser Center,"26730 Towne Centre Dr, Foothill Ranch, CA, 92610",4.5,+19496007888
Skin Care And Wellness By Robin Marie,"25301 Cabot Rd, Laguna Hills, CA, 92653",5.0,+19493313779
GLO MD Wellness Spa,"1530 Baker St, Costa Mesa, CA, 92626",5.0,+17145595436
Serenity Skin Spa,"2650 Avon St, Newport Beach, CA, 92663",5.0,+17143182552
Lemon and Honey Day Spa,"4101 Birch St, Newport Beach, CA, 92660",4.5,+19497350122
Eternal Aesthetics,"1441 Avocado Ave, Newport Beach, CA, 92660",5.0,+19497210494
Tranquility Skin Care,"408 Westminster Ave, Newport Beach, CA, 92663",5.0,+19495488451
Bellatudo Skin and Wellness Center,"12721 Newport Ave, Tustin, CA, 92760",5.0,+17148523128
SkinSpirit - Newport Beach,"2135 Westcliff Dr, Newport Beach, CA, 92660",5.0,+19496885880
La Boutique Beauty Bar and Laser Spa,"20301 Birch St, Newport Beach, CA, 92660",5.0,+19492511507
Honey + Cream Spa,"23361 El Toro Rd, Lake Forest, CA, 92630",4.5,+17148557370
Qazi Cosmetic Clinic,"113 Waterworks Way, Irvine, CA, 92618",4.5,+19493367293
Aqua Derm Med-Beauty Spa - Lake Forest,"23600 Rockfield Blvd, Lake Forest, CA, 92630",5.0,+19496624444
Rox Spa Newport Beach,"1617 Westcliff Dr, Newport Beach, CA, 92660",4.5,+19496401111
Beauty Boost Med Spa,"20072 SW Birch St, Newport Beach, CA, 92660",5.0,+19495148602
The Treatment Skin Boutique,"447 Old Newport Blvd, Newport Beach, CA, 92663",5.0,+19494682905
Skinetics,"725 W La Veta Ave, Orange, CA, 92868",5.0,+17145386072
Newport Aesthetics,"20072 SW Birch St, Newport Beach, CA, 92660",5.0,+19496609972
Skinterest Day Spa,"384 Forest Ave, Laguna Beach, CA, 92651",5.0,+19494975414
Newport Beach Skin Care Center,"20072 SW Birch St, Newport Beach, CA, 92660",4.0,+19493357546
Tamara's Skin Care,"19831 Yorba Linda Blvd, Yorba Linda, CA, 92886",5.0,+17144702329
The Retreat Medical Spa,"321 N Pomona Ave, Fullerton, CA, 92832",4.5,+17143628195
Peebro Skin & Total Health Care,"408 S Beach Blvd, Anaheim, CA, 92804",4.5,+17148217900
Spa Aesthetica,"424 S Main St, Orange, CA, 92868",4.5,+17149370772
Kanvas Beaute,"2435 Park Ave, Tustin, CA, 92782",5.0,+13106969280
OrangeTwist - Irvine,"8565 Irvine Center Dr, Irvine, CA, 92618",5.0,+19493354662
Ultherapy Med Spa,"20281 SW Birch St, Newport Beach, CA, 92660",5.0,+19496522780
Total Dermatology,"16100 Sand Canyon Ave, Irvine, CA, 92618",4.0,+19497273800
Image Perfect Laser,"4605 Barranca Pkwy, Irvine, CA, 92604",5.0,+19494853866
Amoderm Cosmetic & Wellness Medical Center,"18 Endeavor, Irvine, CA, 92618",5.0,+19492667346
OrangeTwist - Newport Beach,"1634 San Miguel Dr, Newport Beach, CA, 92660",5.0,+19493354661
Newport Aesthetics Research,"1600 Dove St, Newport Beach, CA, 92660",5.0,+19495342007
South Coast Plastic Surgery,"4968 Booth Cir, Irvine, CA, 92604",5.0,+19497014454
"Andrew Smith, MD, FACS","18 Endeavor, Irvine, CA, 92618",5.0,+19496537000
Luxury Medical Spa,"17122 Beach Blvd, Huntington Beach, CA, 92647",5.0,+16572150205
Wang Plastic Surgery & Med Spa,"817 W 17th St, Santa Ana, CA, 92706",5.0,+17147604335
Alladerm,"26711 Aliso Creek Rd, Aliso Viejo, CA, 92656",4.5,+19499167166
Omnia Piel,", Costa Mesa, CA, 92626",5.0,+17147205658
A & S Skin Care,"801 N Tustin Ave, Santa Ana, CA, 92705",4.5,+17145050711
Mel's Skinspa Ink,"4122 E Chapman Ave, Orange, CA, 92869",5.0,+19494239279
ZO Skin Centre Newport Beach,"401 Newport Center Dr, Newport Beach, CA, 92660",4.5,+19494080800
Beyond Beauty Medical Spa,"20072 SW Birch St, Newport Beach, CA, 92660",4.5,+19492033434
Vivella Med Spa,"7534 E Chapman Ave, Orange, CA, 92869",5.0,+17147717722
Na'ava Skincare Spa,"113 Waterworks Way, Irvine, CA, 92618",5.0,+19496902117
Not Just Faces Medical Aesthetics,"30131 Town Center Dr, Laguna Niguel, CA, 92677",5.0,+19494891858
The Zen Of Skin,"15333 Culver Dr, Irvine, CA, 92604",5.0,+19494367844
JE Beauté,"180 Newport Center Dr, Newport Beach, CA, 92660",5.0,+19497066486
W Med Spa,"1401 Avocado Ave, Newport Beach, CA, 92660",5.0,+19497069988
Skin Perfect Medical Aesthetics,"3030 Harbor Blvd, Costa Mesa, CA, 92626",4.5,+17142783506
Concierge Aesthetics,"113 Waterworks Way, Irvine, CA, 92618",5.0,+19499101609
"Stefani Kappel, MD","2121 E Coast Hwy, Corona Del Mar, CA, 92625",5.0,+19496881288
The Aesthetic Lounge,"359 San Miguel Dr, Newport Beach, CA, 92660",4.5,+19497067776
B Beautiful Med Spa,"24953 Paseo De Valencia, Laguna Hills, CA, 92653",5.0,+19496008280
Facials & Skincare by Debbie,"3606 E Chapman Ave, Orange, CA, 92869",5.0,+17147434914
Before & After Skincare Clinic,"14191 Newport Ave, Tustin, CA, 92780",4.5,+17145087333
About Skin,"22706 Aspan St, Lake Forest, CA, 92630",4.0,+19499220340
RegenOC,"3838 E Coast Hwy, Corona Del Mar, CA, 92625",4.5,+18777757546
ZO Skin Centre Laguna Beach,"883 S Coast Hwy, Laguna Beach, CA, 92651",4.0,+19492987400
Nice Skin Aesthetic Med Spas,"8907 Warner Ave, Huntington Beach, CA, 92647",5.0,+17145874704
Complete Care Medical Spa,"4902 Irvine Center Dr, Irvine, CA, 92604",4.5,+19498614177
Beauty Journey,"8942 Garden Grove Blvd, Garden Grove, CA, 92844",4.5,+17147260504
MeMosa Clinic,"113 Waterworks Way, Irvine, CA, 92618",5.0,+19493935789
Nami's Skin Care & Electrolysis,"4482 Barranca Pkwy, Irvine, CA, 92604",5.0,+19495025050
Katie's Beautiful You Aesthetics,"901 Dover Dr, Newport Beach, CA, 92660",5.0,+19496312500
OC Facial Center,"26421 Crown Valley Pkwy, Mission Viejo, CA, 92691",4.5,+19492287804
"Raymond Lee, MD - Faceology","1401 Avocado Ave, Newport Beach, CA, 92660",5.0,+19497062277
Belle Vie Wellness & Medical Aesthetics,"1712 Newport Blvd, Costa Mesa, CA, 92627",5.0,+18556350011
Don't Wait 2 Rejuvenate,"20281 SW Birch St, Newport Beach, CA, 92660",5.0,+19499224078
Spa Pure,"23361 El Torro Rd, Lake Forest, CA, 92630",5.0,+19099524242
"Babak Farzaneh, M.D - TrueCare Cosmetic Surgery & Med Spa","2967 Michelson Dr, Irvine, CA, 92612",5.0,+19495431166
Skin Laundry - Newport Beach,"123 Newport Center Dr, Newport Beach, CA, 92660",4.5,+19497067203
Natural Illumination,"220 Newport Center Dr, Newport Beach, CA, 92660",4.5,+19498910599
Hylunia Wellness MD Spa,"1901 Newport Blvd, Costa Mesa, CA, 92627",5.0,+19493137760
Coastline Dermatology Laser & Medical Center,"400 Newport Center Dr, Newport Beach, CA, 92660",4.0,+19496463307
HautSpa Medica,"1000 Bristol St N, Newport Beach, CA, 92660",5.0,+19494774940
South County Skin & Body Center,"30290 Rancho Viejo Rd, San Juan Capistrano, CA, 92675",5.0,+19494330879
Newport Medical and Wellness Center,"2216 Newport Blvd, Costa Mesa, CA, 92627",4.5,+19496319009
Mirako Spa,"14108 Brookhurst St, Garden Grove, CA, 92843",5.0,+17146361888
Integrative Medical Group of Irvine,"4968 Booth Cir, Irvine, CA, 92604",4.5,+19497537475
SPA THERA Newport Beach,"20072 SW Birch St, Newport Beach, CA, 92660",5.0,+19499336966
California Cosmetic Medical Institute,"27725 Santa Margarita Pkwy, Mission Viejo, CA, 92691",5.0,+19493051200
Visages by Sonia,"2700 W Coast Hwy, Newport Beach, CA, 92663",5.0,+19496452066
Jamie Michele,"1979 E 17th St, Santa Ana, CA, 92701",5.0,+19493024657
Pacific Coast Facial Plastic Surgery,"25500 Rancho Niguel Rd, Laguna Niguel, CA, 92677",5.0,+19492733112
Jackie C skin therapy,"155 5th St, Huntington Beach, CA, 92648",5.0,+19517503607
Shape & Skin Medical Spa & Weight Loss,"5911 Warner Ave, Huntington Beach, CA, 92649",4.5,+17143777546
Eva Magyar Skin Care,"234 E 17th St, Costa Mesa, CA, 92627",5.0,+19495152568
Juliana Skin Clinic 2,"9535 Garden Grove Blvd, Garden Grove, CA, 92844",5.0,+17142131582
"Aaron Kosins, MD","1441 Avocado Ave, Newport Beach, CA, 92660",5.0,+19497210494
Ô de Rose Med Spa,"14642 Newport Ave, Tustin, CA, 92780",4.5,+16572890152
Le Château Enchanté Day Spa,"23361 El Toro Rd, Lake Forest, CA, 92630",4.5,+13109774779
Seaside Skin Care,"1401 N El Camino Real, San Clemente, CA, 92672",5.0,+19492762777
Dermasmooth Clinic,"4199 Campus Dr, Irvine, CA, 92612",5.0,+19495096503
May Skin Care,"14161 Newport Ave, Tustin, CA, 92780",5.0,+17147316866
Beauty With a Mission,"234 E 17th St, Costa Mesa, CA, 92627",5.0,+19498772720
Maral skincare,"25800 Jeronimo Rd, Mission Viejo, CA, 92691",5.0,+19496364885
R Spa,"50 Enterprise, Aliso Viejo, CA, 92656",4.5,+19496436700
South Coast MedSpa,"2901 W Coast Hwy, Newport Beach, CA, 92663",4.5,+19496507267
Allen Somers Complete Imagery Salon,"18025 Sky Park E, Irvine, CA, 92614",5.0,+19494745519
Facial Fitness Newport Beach,"210 Newport Center Dr, Newport Beach, CA, 92660",4.0,+19495060466
Facial Aesthetic Concepts,"26831 Aliso Creek Rd, Aliso Viejo, CA, 92656",4.0,+19492077856
Growing Skin Care,"20072 SW Birch St, Newport Beach, CA, 92660",5.0,+19492202995
"Ghada Y Afifi, MD, FACS","1101 Dove St, Newport Beach, CA, 92660",5.0,+19497677444
"Parvin Shafa, MD","113 Waterworks Way, Irvine, CA, 92618",4.0,+19495511113
Holliegirl,"2700 W Coast Hwy, Newport Beach, CA, 92663",5.0,+19496897653
The Beauty Within Cosmetic Acupuncture,"202 Fashion Ln, Tustin, CA, 92780",5.0,+19494243393
Astra Skin And Laser Solutions,"7622 E. Chapman Ave, Orange, CA, 92869",5.0,+17149001454
Luxe Skin Studio,"186 E 16th St, Costa Mesa, CA, 92627",5.0,+19492941042
MedSkinEssentials,"170 El Camino Real, Tustin, CA, 92780",4.0,+19492454477
818 Skincare Studio,"17291 Irvine Blvd, Tustin, CA, 92780",4.5,+17143431791
Fleming Dermatology & Aesthetic Center,"23141 Moulton Pkwy, Laguna Hills, CA, 92653",5.0,+19499165956
NamaSkin Skin Care and Wellness Studio,", Mission Viejo, CA, 92692",5.0,+19498780514
Beyond Regenerative Medicine & Aesthetics,"1501 Westcliff Dr, Newport Beach, CA, 92660",5.0,+19492706789
Graisset Wellness Med Spa,"13139 Brookhurst St, Garden Grove, CA, 92843",5.0,+17145838343
skin&bodyMEDx,"777 Corporate Dr, Ladera Ranch, CA, 92694",4.5,+19494818881
Superb Skin Clinic,"1913 East 17th St, Santa Ana, CA, 92705",4.5,+12104526481
Pacific Center For Plastic Surgery,"3991 MacArthur Blvd, Newport Beach, CA, 92660",4.5,+19495652121
UMedspa,"151 Kalmus Dr, Costa Mesa, CA, 92626",4.5,+19494638651
O Skin Care Medspa,"369 Los Cerritos Ctr, Cerritos, CA, 90703",5.0,+15628971445
Swiss Clinique,"436 Heliotrope Ave, Corona Del Mar, CA, 92625",4.5,+19496738260
Darling Med Spa,"4000 Barranca Pkwy, Irvine, CA, 92604",5.0,+19518011801
Panacea Aesthetics & Wellness Center,"881 Dover Dr, Newport Beach, CA, 92663",5.0,+19499450906
Contours,"25431 Cabot Rd, Laguna Hills, CA, 92653",5.0,+19497684096
Our Secret Place,"2626 Dupont Dr, Irvine, CA, 92612",4.0,+19496106226
Cruise Plastic Surgery,"2081 San Joaquin Hills Rd, Newport Beach, CA, 92660",4.5,+19494461564
Beauty By Satik,"20162 SW Birch St, Newport Beach, CA, 92660",5.0,+18183993908
Newport Beach MedSpa,"100 West Coast Hwy, Newport Beach, CA, 92663",4.5,+19496312800
Cosmetic Laser Center of Irvine,"15775 Laguna Canyon Rd, Irvine, CA, 92618",4.0,+19496798679
Lilliana A Skincare Boutique,"19 Vantis Dr, Aliso Viejo, CA, 92656",4.5,+19492750124
Skincare by Jada,"320 Superior Ave, Newport Beach, CA, 92663",5.0,+19495416533
"Neda Mehr, MD - Pure Dermatology & Cosmetic Center","500 Superior Ave, Newport Beach, CA, 92663",4.0,+19497061469
Bare Skin Studio,"24310 Moulton Pkwy, Laguna Hills, CA, 92653",5.0,+19493821172
eleven19 Medical Spa + Weight Loss,"1504 Brookhollow Dr, Santa Ana, CA, 92705",4.5,+12132048449
Array Skin Therapy,"26932 Oso Pkwy, Mission Viejo, CA, 92691",5.0,+18557927729
Swallowtail Skin Therapies,"505 W First St, Tustin, CA, 92780",5.0,+17145799904
Ashthetics Skincare,"510 Old Newport Blvd, Newport Beach, CA, 92663",5.0,+17815265683
Dr. Freeze CoolSculpting Center,"16121 Beach Blvd, Huntington Beach, CA, 92647",5.0,+18008983736
Renu Facial And Body Aesthetics,"31371 Rancho Viejo Rd, San Juan Capistrano, CA, 92675",5.0,+19494873200
Wave Plastic Surgery & Laser Center,"2700 Alton Pkwy, Irvine, CA, 92606",4.5,+18554667901
Gem Day Spa,"17272 Newhope St, Fountain Valley, CA, 92708",4.0,+17144350588
Kevin Sadati,"359 San Miguel Dr, Newport Beach, CA, 92660",4.0,+19494382782
Wellness Choice,"1101 Dove St, Newport Beach, CA, 92660",5.0,+19493871333
Beach Beauty Bar & Acne Clinic,"1120 Pacific Coast Hwy, Huntington Beach, CA, 92648",5.0,+17143911973
NuAge Spa,"25642 Crown Valley Pkwy, Ladera Ranch, CA, 92694",5.0,+19493888577
Brow and Lash Beauty Salon,"3100 Airway Ave, Costa Mesa, CA, 92626",5.0,+14243331625
Ultimate Chiro Spa,"23181 Verdugo Dr, Laguna Hills, CA, 92653",4.5,+19499166814
Slender Me Weight Loss and Aesthetics Center - Irvine,"4968 Booth Cir, Irvine, CA, 92604",4.5,+19495595130
"Ali Sepehr, MD - OC Facial Plastic Surgery","360 San Miguel Dr, Newport Beach, CA, 92660",5.0,+19493716963
NuBella Med Spa,"1565 Adams Ave, Costa Mesa, CA, 92626",5.0,+19496140052
Ki Aesthetics,"2435 Park Ave, Tustin, CA, 92782",4.5,+19495022064
Montanya Spa,"120 W 20th St, Santa Ana, CA, 92706",4.5,+17149188888
One Beauty Lounge,"13011 Newport Ave, Tustin, CA, 92780",5.0,+17148843555
Harbour Aesthetic Spa,"16845 Algonquin St, Huntington Beach, CA, 92649",4.5,+17145945798
"D'Modern Beauty Microblading, Lash, Skin Lounge","30100 Crown Valley Pkwy, Laguna Niguel, CA, 92677",5.0,+19496294720
Lemon and Honey Day Spa,"1421 N Wanda Rd, Orange, CA, 92867",4.5,+17149977211
Renouvele Body Solutions,"1442 Irvine Blvd, Tustin, CA, 92780",5.0,+17149879822
Jannae Institute,"366 San Miguel Dr, Newport Beach, CA, 92660",5.0,+19492448022
Aesthetics By Jennifer,"620 N Rose Dr, Placentia, CA, 92870",5.0,+17145011385
Eco Cure Lounge,"1848 S Coast Hwy, Laguna Beach, CA, 92651",5.0,+19496004202
Refreshed Aesthetic Surgery & SkinCare,"2 Journey, Aliso Viejo, CA, 92656",4.5,+19492155402
Beauty By Design - Corona Del Mar,"2801 E Coast Hwy, Corona Del Mar, CA, 92625",5.0,+19492200532
The Skin Spot Face & Body Spa,"9901 Hamilton Ave, Huntington Beach, CA, 92646",5.0,+17143137225
Fresh Faces,"1565 Adams Ave, Costa Mesa, CA, 92626",5.0,+17146049121
OC Peel Bar,"456 Old Newport Blvd, Newport Beach, CA, 92663",5.0,+19493393043
Invitation to Browse,"18351 Beach Blvd, Huntington Beach, CA, 92648",4.5,+19495068099
Lavender & Lemons Skincare & Microblading Studio,"100 West Coast Hwy, Newport Beach, CA, 92663",5.0,+19496140605
BodyCentre Day Spa,"801 Baker St, Costa Mesa, CA, 92626",4.5,+17146689925
South Coast Dermatology Institute,"2552 Walnut Ave, Tustin, CA, 92780",4.0,+17145080754
"Marguerite J. Bernett, MD","3993 Portola Pkwy, Irvine, CA, 92602",4.0,+19494234234
Gravity MedSpa,"27352 Calle Arroyo, San Juan Capistrano, CA, 92675",4.5,+19493876118
Skinsations Spa,"13911 Carroll Way, Tustin, CA, 92780",4.0,+17147317300
Coastal Face & Body,"100 West Coast Hwy, Newport Beach, CA, 92663",5.0,+17145012393
Radiant Skin OC,"1683 E Lincoln Ave, Orange, CA, 92865",5.0,+17146029903
OC SkinLab,"31899 Del Obispo St, San Juan Capistrano, CA, 92675",5.0,+19493596400
Blue Harbor Dermatology & Laser Institute,"1501 Superior Ave, Newport Beach, CA, 92663",4.0,+19496407546
Athenix Body Sculpting Institute,"113 Waterworks Wy, Irvine, CA, 92618",4.5,+19492032748
Shangrila Medspa,"27512 Calle Arroyo, San Juan Capistrano, CA, 92675",5.0,+19494811250
StressBusters Wellness Day Spa,"26548 Moulton Pkwy, Laguna Hills, CA, 92653",4.5,+19498311988
"Donald Altman, MD","1401 Avocado Ave., Newport Beach, CA, 92260",5.0,+19497273999
Belle Jeunesse,"600 Corporate Dr, Ladera Ranch, CA, 92694",4.5,+19493471040
The Brow and Skin Studio with Apothecary,"16099 Goldenwest St, Huntington Beach, CA, 92648",4.5,+17148416624
Signature Medical Spa,"2 Hughes, Irvine, CA, 92618",3.0,+19497701122
Esthetique Arts,"881 Dover Dr, Newport Beach, CA, 92663",4.0,+19496314526
DrTen20,"34197 Pacific Coast Hwy, Dana Point, CA, 92629",5.0,+19494891317
Face and Body Revival,"27995 Greenfield Dr, Laguna Niguel, CA, 92677",4.0,+19495002318
Your Skin and You,"172 N Tustin St, Orange, CA, 92867",5.0,+17146316569
CosmetiCare,"1101 Bayside Dr, Corona Del Mar, CA, 92625",4.5,+19497186900
"Tenley Lawton, MD","351 Hospital Rd, Newport Beach, CA, 92663",4.5,+19496400999
Wildrose Aesthetics,"2300 SE Bristol, Newport Beach, CA, 92660",5.0,+19494904741
CryoCareUSA,"1400 S Coast Hwy, Laguna Beach, CA, 92651",4.5,+19492007333
Healthy Beautiful Skin and Tan,"5011 Argosy Ave, Huntington Beach, CA, 92649",5.0,+17146257402
"Adam M Rotunda, MD","1100 Quail St, Newport Beach, CA, 92660",5.0,+19493367171
Beauty Goals Aesthetic Care,"600 E Chapman Ave, Orange, CA, 92866",5.0,+17148513372
"Ghada Y Afifi, MD, FACS","2200 E Fruit St, Santa Ana, CA, 92701",5.0,+17149739197
Spa at The Image Center,"7801 Center Ave, Huntington Beach, CA, 92647",5.0,+17142302430
"Jennifer Armstrong, MD","369 San Miguel Dr, Newport Beach, CA, 92660",4.5,+19497062887
Alta Dermatology,"27882 Forbes Rd, Laguna Niguel, CA, 92677",5.0,+19493649264
Avanti Skin Clinic,"1031 Rosecrans Ave, Fullerton, CA, 92833",4.5,+17145261448
The OC Spa & Wellness Center,"4972 Warner Ave, Huntington Beach, CA, 92649",4.5,+17146254400
Beverly Hills Rejuvenation Center - Newport Beach,"2121 E Coast Hwy, Corona Del Mar, CA, 92625",4.5,+19494300789
Arctic Care Cryo Spa,"25431 Cabot Rd, Laguna Hills, CA, 92653",4.5,+19497166151
Skinny Me Detox Spa,"27772 Vista Del Lago, Mission Viejo, CA, 92692",5.0,+19492152463
Skincare by Marilee,"30290 Rancho Viejo Rd, San Juan Capistrano, CA, 92675",5.0,+19494330879
Newport Coast Dermatology,"3991 MacArthur Blvd, Newport Beach, CA, 92660",4.0,+19498630988
"Total Cosmetix Hamid Towhidian, MD","16520 Bake Pkwy, Irvine, CA, 92618",4.5,+19498574444
Deluxe Beaute Spa,"2646 Dupont Dr, Irvine, CA, 92612",4.5,+19493508889
OC Laser Hair Removal - Gentle Touch,"2121 E Coast Hwy, Newport Beach, CA, 92625",4.0,+19495283864
Neoderma,"1175 E Lincoln Ave, Anaheim, CA, 92805",4.5,+18778283233
The Foundation Studios,"31752 S Coast Hwy, Laguna Beach, CA, 92651",4.5,+19494247573
"MedWeight, Lasers & Wellness Centers","60 Discovery, Irvine, CA, 92618",3.5,+19495869904
"Amy M Reinstadler, MD","361 Hospital Rd, Newport Beach, CA, 92663",5.0,+19492009667
The Little Spa by the Sea,"2333 East Coast Hwy, Newport Beach, CA, 92625",5.0,+19496730217
Newport Heights Med Spa,"1617 Westcliff Dr, Newport Beach, CA, 92660",5.0,+19495154111
Dr Brennans Cosmetic Center,"400 Newport Ctr Dr, Newport Beach, CA, 92660",3.5,+19496441641
The Garden Wellness Spa,"3151 Airway Ave, Costa Mesa, CA, 92626",5.0,+17142534333
Wirth Plastic Surgery,"1401 Avocado Ave, Newport Beach, CA, 92660",5.0,+19497069988
Get Glowing Skin & Spa,"801 Avenida Talega, San Clemente, CA, 92673",5.0,+19494814818
Agnes Beauty and Wellness,"7561 Center Ave, Huntington Beach, CA, 92647",5.0,+17146043449
Bella Vie Spa,"10900 Warner Ave, Fountain Valley, CA, 92708",4.0,+17147758442
Joanna Young Skin,"359 San Miguel Dr, Newport Beach, CA, 92660",4.5,+19493555482
Germaine's Skin Care,"3723 Birch St, Newport Beach, CA, 92660",4.5,+19492785539
Healing Colon Care,"3151 Airway Ave, Costa Mesa, CA, 92626",4.5,+17147025591
Personalized Skin Care,"2223 N Harbor Blvd, Fullerton, CA, 92835",4.5,+17147388084
"Jeffrey Bloom, DO - Back Bay Medical","3140 Red Hill Ave, Costa Mesa, CA, 92626",3.5,+19492631242
Zelken Institute for Aesthetic Medicine,"1617 Westcliff Dr, Newport Beach, CA, 92660",5.0,+19494324730
European Wellness Cosmedical,"230 Newport Center Dr, Newport Beach, CA, 92660",4.0,+18887061245
Pure Body Wellness Center,"1500 N Coast Hwy, Laguna Beach, CA, 92651",5.0,+19499033600
Island Dermatology,"360 San Miguel Dr, Newport Beach, CA, 92660",3.0,+19497201170
Une Beaute,"219 Marine Ave, Newport Beach, CA, 92662",4.0,+19497716991
Celibre Medical Corporation,"431 S Batavia St, Orange, CA, 92868",4.0,+17146394999
Luxor Medical Spa,"8101 Newman Ave, Huntington Beach, CA, 92647",4.0,+17148471001
LaserAway,"15020 Kensington Park Dr, Tustin, CA, 92782",4.5,+16573354487
Coast Medical Aesthetics,"24981 Dana Point Harbor Dr, Dana Point, CA, 92629",5.0,+19494931900
Pacifica Cosmetic Surgery Center,"280 Newport Center Dr, Newport Beach, CA, 92660",4.5,+19496409570
"Sogol Saghari, MD","113 Waterworks Way, Irvine, CA, 92618",5.0,+19496796564
Pure Skin Science Organic Lab & Spa,"1520 N El Camino Real, San Clemente, CA, 92672",4.5,+19493883575
Lotus Medical Group,"2700 Alton Pkwy, Irvine, CA, 92606",4.0,+19494752500
Newport Body Works,"2200 Harbor Blvd, Costa Mesa, CA, 92627",4.5,+19496293934
Devine Image,"13132 Newport Ave, Tustin, CA, 92780",4.5,+17143680808
Helton Skin & Laser Institute,"1901 Westcliff Dr, Newport Beach, CA, 92660",4.0,+19496463376
DICA SPA,"1111 S Placentia Ave, Fullerton, CA, 92831",5.0,+17148796788
Wake Up Beautiful Spa,"30131 Town Center Dr, Laguna Niguel, CA, 92677",4.5,+19493059912
Brite Aesthetics,"2772 Apollo Way, Corona, CA, 92883",5.0,+17144959810
Elevate Spa,"526 Main St, Huntington Beach, CA, 92648",5.0,+19492160889
Bellagio Spa & Salon,"21165 Newport Coast Dr, Newport Beach, CA, 92657",4.5,+19497209277
Sea Breeze Skin Care,"24981 Dana Point Harbor Dr, Dana Point, CA, 92629",5.0,+19495250743
"Sanjay Grover MD, FACS","20360 SW Birch St, Newport Beach, CA, 92660",4.0,+19497599551
Liv IV Hydration Therapy,"188 E 17th St, Costa Mesa, CA, 92627",5.0,+19495154548
A+ Day Spa,"355 Bristol St, Costa Mesa, CA, 92626",4.0,+17144863611
YOU aesthetics,"4825 Main St, Yorba Linda, CA, 92886",5.0,+17147795700
Euro Day Spa,"30201 Golden Lantern St, Laguna Niguel, CA, 92677",4.0,+19493631788
HNB MediSkin Skin Care & Acne Clinic,"520 N Brookhurst St, Anaheim, CA, 92801",4.0,+17143971780
Bella Derma Face & Body Sculpting,"2503 Eastbluff Dr, Newport Beach, CA, 92660",4.5,+19497608065
New Look Skin Center,"6701 Quail Hill Pkwy, Irvine, CA, 92603",4.0,+18186625005
CLUB HEAL,"408 Westminster Ave, Newport Beach, CA, 92663",5.0,+19496128552
Skin Nirvana MedSpa,"8082 E Santa Ana Canyon Rd, Anaheim, CA, 92808",4.0,+17142831433
Bambhania Dermatology & Aesthetics,"13095 Jamboree Rd, Tustin, CA, 92602",3.0,+17148388254
Allure Anti-Aging & Aesthetics,"18800 Delaware St, Huntington Beach, CA, 92648",5.0,+17148045460
Waxx House & Aesthetics,"2435 Park Ave, Tustin, CA, 92782",5.0,+17148496001
Facial Aesthetic Concepts,"665 Camino De Los Mares, San Clemente, CA, 92673",4.5,+19494855511
"Arian Mowlavi, MD - The Cosmetic Plastic Surgery Institute","32406 Coast Hwy, Laguna Beach, CA, 92651",4.0,+19495583230
Botox and Beauty,"26691 Plz, Mission Viejo, CA, 92691",4.5,+19493887717
Aqua Beauty Bar,"3009 N Main St, Santa Ana, CA, 92705",5.0,+17147256862
Oceanview Medi Spa,"1151 Puerta Del Sol, San Clemente, CA, 92673",5.0,+19493661800
17 MedSpa,"6950 Beach Blvd, Buena Park, CA, 90621",5.0,+17142249010
Skin Therapy,"24859 Del Prado Ave, Dana Point, CA, 92629",5.0,+19492480008
Live Gorgeous OC,"1303 Avocado Ave, Newport Beach, CA, 92660",4.5,+17147541985
"Mark Anton MD, FACS","1501 Superior Ave, Newport Beach, CA, 92663",4.5,+19497221967
IB Skincare,"2315 E Imperial Hwy, Brea, CA, 92821",5.0,+17142611323
Integrative Medicine Orange County,"22 Odyssey, Irvine, CA, 92618",4.5,+19498607088
Radiant Glow,"1275 E Imperial Hwy, Placentia, CA, 92870",5.0,+17146155633
Cellulite Solutions Spa,"20072 SW Birch St, Newport Beach, CA, 92660",4.5,+17145809555
Forever Ageless,"20271 SW Birch St, Newport Beach, CA, 92660",4.5,+19495530260
DermFx,"275 S Main St, Orange, CA, 92868",4.5,+17145169588
"Hisham M. Seify, MD","20301 SW Birch, Newport Beach, CA, 92660",5.0,+19492511502
Skin Perfect Brothers,"1569 S Fairway Dr, Walnut, CA, 91789",4.5,+19098390714
Beautiful Reflections,"1525 Mesa Verde Dr E, Costa Mesa, CA, 92626",5.0,+17144375665
SoCal Lazer & Medi Spa,"8201 Newman Ave, Huntington Beach, CA, 92647",4.5,+19494324849
Veritas Medical Center,"3340 E Chapman Ave, Orange, CA, 92869",4.5,+17144972267
"OC Wellness: Michael Grossman, MD","4440 Von Karman, Newport Beach, CA, 92660",4.0,+19492057330
Breathe Salon & Spa,"18055 Magnolia St, Fountain Valley, CA, 92708",4.5,+17149688811
Gaon Plastic Surgery,"1401 Avocado Ave, Newport Beach, CA, 92660",5.0,+19496404115
Bonnie's Skin Care Salon,"129 Avenida Del Mar, San Clemente, CA, 92672",4.5,+19493618872
The Hydration Room,"31542 S Coast Hwy, Laguna Beach, CA, 92651",5.0,+19497155668
The Hydration Room,"404 Westminster Ave, Newport Beach, CA, 92663",5.0,+19496500866
Allure Med Aesthetics,"18208 Imperial Hwy, Yorba Linda, CA, 92886",5.0,+17149859080
Healing Horizons Massage & Spa,"17672 Beach Blvd, Huntington Beach, CA, 92647",4.5,+17143865779
"Laser and Vitality Institute: Angelina Devera, MD","11100 Warner Ave, Fountain Valley, CA, 92708",4.0,+17148500780
Bare Bunny Aesthetics,"307 3rd St, Huntington Beach, CA, 92648",5.0,+17144721178
"Daniel Reichner, MD FACS","1310 W Stewart Dr, Orange, CA, 92868",4.5,+17149975200
LadyBelle Medical Spa,"15402 Beach Blvd, Westminster, CA, 92683",4.0,+17145344500
"Liu Grace, MD","3991 MacArthur Blvd, Newport Beach, CA, 92660",4.5,+19498630988
Facial Day By Jennifer Yi,"1835 Newport Blvd, Costa Mesa, CA, 92627",5.0,+12135038253
OCSaltTherapy,"17777 Main St, Irvine, CA, 92614",4.5,+19492387768
Da Vinci Med Spa and Cosmetic Surgery Center,"11100 Warner Ave, Fountain Valley, CA, 92708",4.5,+17147511341
OC Dermatology,"30201 Golden Lantern, Laguna Niguel, CA, 92677",4.0,+19493631788
"Daniel Mills,MD, FACS - Aesthetic Plastic Surgical Institute","31852 Pacific Coast Hwy, Laguna Beach, CA, 92651",4.5,+19494992800
Dr. Freeze CoolSculpting Center,"16460 Bake Pkwy, Irvine, CA, 92618",4.5,+19493333663
Clinical Aesthetics,"17871 Santiago Blvd, Villa Park, CA, 92861",5.0,+17142828180
LaserAway,"23626 El Toro Rd, Lake Forest, CA, 92630",4.0,+19494552929
MS Slim,"15333 Culver Dr, Irvine, CA, 92604",4.0,+19497868811
MD Medical Spa,"428 Main St, Huntington Beach, CA, 92648",4.5,+18446337721
Sublime MD,"26342 Oso Pkwy, Mission Viejo, CA, 92691",4.5,+19493671115
Eternal Youth Anti-Aging Institute,"902 N Grand Ave, Santa Ana, CA, 92701",3.5,+17145589800
OC Skin Institute,"800 N Tustin Ave, Santa Ana, CA, 92705",3.5,+17145476111
Bella Skin Medi Spa,"5730 Beach Blvd, Buena Park, CA, 90621",5.0,+17145228275
Aesthetics By Rose,"284 Dupont St, Corona, CA, 92879",5.0,+19518580267
Sanctuary Spa,"6487 E Pacific Coast Hwy, Long Beach, CA, 90803",5.0,+15624303027
Radiant Beauty Skin Care Med Spa,"2795 W Lincoln Ave, Anaheim, CA, 92801",5.0,+18886573636
Frufe Skin & Medispa,"7011 Orangethorpe Ave, Buena Park, CA, 90621",5.0,+16572551661
Dermanoor,"14331 Euclid St, Garden Grove, CA, 92843",4.5,+17148523311
Charlie Kang Skin Care,"14770 Beach Blvd, La Mirada, CA, 90638",4.5,+17146701500
LifeSpa Laguna,"25600 Rancho Niguel, Laguna Niguel, CA, 92677",4.5,+19492382724
Skin Bar by Mila,"5500 E 2nd St, Long Beach, CA, 90803",5.0,+19254289647
DermFx,"2430 West Coast Hwy, Newport Beach, CA, 92663",4.5,+19495488812
BeeSugared,"120 Tustin Ave, Newport Beach, CA, 92663",5.0,+19499334900
Lighten Up Health Center,"4020 Birch St, Newport Beach, CA, 92660",5.0,+19492528111
Zianna Day Spa,"5585 E Santa Ana Canyon Rd, Anaheim, CA, 92807",4.5,+17149213785
Pacific Women's Center,"30492 Gateway Pl, Rancho Mission Viejo, CA, 92694",4.0,+19493643940
Fuzion Artistry,"19022 Brookhurst St, Huntington Beach, CA, 92646",4.5,+17149620888
Hydrate House Medical Spa by Dr Victoria,"5451 La Palma Ave, La Palma, CA, 90623",5.0,+17148808027
Elysian Bliss Day Spa,"1899 A W Malvern Ave, Fullerton, CA, 92833",5.0,+17146097114
Purple Rose Esthetics,"11401 Carson St, Lakewood, CA, 90715",5.0,+15629000093
Dr. Jay's Laser Medi Spa,"13273 Jamboree Rd, Tustin, CA, 92782",3.0,+17148322222
Bee's Wax Beauty Bar,"188 E 17th St, Costa Mesa, CA, 92627",5.0,+19496988381
Love Your Skin Aesthetics,"11688 South St, Artesia, CA, 90701",5.0,+15628603900
Radiant Beauty and  Wellness,"4120 Birch St, Newport Beach, CA, 92660",5.0,+17143423342
Dermabare,"25600 Rancho Niguel Rd, Laguna Niguel, CA, 92677",3.5,+19495456600
Advance Laser & Cosmetic Surgery,"3500 S Bristol St, Santa Ana, CA, 92704",4.0,+17145570777
Avanti Laser Clinic,"19267 Colima Rd, Rowland Heights, CA, 91748",5.0,+16268209386
eleven19 Medical Spa + Weight Loss,"1565 S Harbor Blvd, Fullerton, CA, 92832",5.0,+16572009192
Pippa's Heart & Soul,"801 Avenida Talega, San Clemente, CA, 92673",5.0,+19493068725
"Robert Milanes, MD - Luminary MD","62 Corporate Park, Irvine, CA, 92606",4.5,+19495225081
Hand & Stone Massage and Facial Spa,"2981 El Camino Real, Tustin, CA, 92782",4.0,+17145056600
Salon & Spa at Americana,"111 Fashion Ln, Tustin, CA, 92780",4.0,+17142533023
Skin Works By Mindy,"300 E Yorba Linda Blvd, Placentia, CA, 92870",5.0,+17149969891
Merle Norman Cosmetics Studio,"2917 El Camino Real, Tustin, CA, 92782",4.0,+17148328636
Aestheticare Cosmetic Surgery Institute,"30260 Rancho Viejo Rd, San Juan Capistrano, CA, 92675",4.0,+19496611700
"Babak Farzaneh, M.D - TrueCare Cosmetic Surgery & Med Spa","4511 Chino Hills Pkwy, Chino Hills, CA, 91709",4.5,+19095902299
Pure Beauty Skin Care Med Spa,"22032 El Paseo, Rancho Santa Margarita, CA, 92688",3.5,+19497092600
Bee's Wax & Skincare,"14370 Culver Dr, Irvine, CA, 92604",4.5,+19497953884
Spa Wasted,"550 Pacific Coast Hwy, Seal Beach, CA, 90740",5.0,+15625481772
"Alexis Furze, MD","520 Superior Ave, Newport Beach, CA, 92663",4.5,+19492057483
Relax Body And Mind Spa,"28940 Golden Lantern, Laguna Niguel, CA, 92677",4.5,+19493889991
Xuan Lan Skin Care,"16027 Brookhurst St, Fountain Valley, CA, 92708",4.5,+17148399979
Beyouty Medical Spa,"6887 Katella Ave, Cypress, CA, 90630",5.0,+15622704641
Irvine Wellness and Cosmetic Clinic,"18 Endeavor, Irvine, CA, 92618",4.0,+19493877766
The Skin Center,"26081 Merit Cir, Laguna Hills, CA, 92653",3.0,+19495827699
Huntington Harbour Laser,"4911 Warner Ave, Huntington Beach, CA, 92649",4.5,+17148619240
Skin Perfect Medical Aesthetics,"910 E Birch St, Brea, CA, 92821",5.0,+17142783501
Polished RX Skin Couture,"5708 E 2nd St, Long Beach, CA, 90803",4.5,+18006817904
California Cosmetics,"2001 Westcliff Dr, Newport Beach, CA, 92660",4.0,+18559771982
Pop Society,"2488 Newport Blvd, Costa Mesa, CA, 92627",4.5,+17145665957
Leako Skin Solutions,"244 Main St, Seal Beach, CA, 90740",5.0,+16268244597
Sanctuary of Beauty,"2866 E Imperial Hwy, Brea, CA, 92821",5.0,+17145882245
MassageLuXe,"3800 Barranca Pkwy, Irvine, CA, 92606",4.0,+19497835893
Off The Vine Day Spa,"647 Camino De Los Mares, San Clemente, CA, 92673",4.5,+19496368155
Iconic Skin Clinic,"15651 Imperial Hwy, La Mirada, CA, 90638",5.0,+17142255137
South County Microspa,"31441 Santa Margarita Pkwy, Rancho Santa Margarita, CA, 92688",4.5,+19492269995
Hand & Stone Massage and Facial Spa,"223 E 17th St, Costa Mesa, CA, 92627",4.0,+19496454823
Skin Laundry - Mission Viejo,"555 The Shops At Mission Viejo, Mission Viejo, CA, 92691",3.5,+19496527725
Horizon Dermatology and Cosmetic Center,"1321 N Harbor Blvd, Fullerton, CA, 92835",5.0,+19494399288
Prestige Salon & Spa,"751 S Weir Canyon Rd, Anaheim Hills, CA, 92808",4.5,+17142835050
Beauty By Tifini Skin + Brow Bar,"16111 Bolsa Chica St, Huntington Beach, CA, 92649",5.0,+17142446160
Riviera Laser Studios,"34189 Pacific Coast Hwy, Dana Point, CA, 92629",4.5,+19493703177
Serenity MD Weight Loss & Medical Spa,"2198 E Lincoln Ave, Anaheim, CA, 92806",4.5,+16572083317
The Best Nails & Spa,"2052 Newport Blvd, Costa Mesa, CA, 92627",4.5,+19496466823
Facial Aesthetic Concepts,"22411 Antonio Pkwy, Rancho Santa Margarita, CA, 92688",4.0,+19493137356
Skin Care By Christy K,"3740 Sports Arena Blvd, San Diego, CA, 92103",5.0,+17144976597
Luxe Aesthetic and Wellness Center,"18619 Yorba Linda Blvd, Yorba Linda, CA, 92886",5.0,+17149709100
"Monica Bonakdar, MD","20321 Irvine Ave, Newport Beach, CA, 92660",4.0,+19497216000
Pure Bliss Face & Body Care,"1444 E Katella Ave, Orange, CA, 92867",4.0,+17146838077
Massage Heights Irvine Westpark,"3881 Alton Pkwy, Irvine, CA, 92606",4.0,+19492386713
Beach Skin MD,"16111 Beach Blvd, Huntington Beach, CA, 92647",4.5,+17145960400
MEDHERO Advanced Urgent Care and Wellness Center,"905 Calle Amanecer, San Clemente, CA, 92673",5.0,+19492202500
The Orange Chair Salon and Spa,"2022 Quail St, Newport Beach, CA, 92660",4.5,+19496905678
"Sandhya Gandhi, MD","28570 Marguerite Pkwy, Mission Viejo, CA, 92692",4.5,+19497705678
Marina Mitri Skin Care,"10698 Los Alamitos Blvd, Los Alamitos, CA, 90720",4.5,+15627083694
CryoCareUSA,"4330 Barranca Pkwy, Irvine, CA, 92604",4.5,+19497696111
Peaches Skin Care,"5608 E 2nd St, Long Beach, CA, 90803",4.5,+15623862222
Beach Cottage Day Spa,"244 Main St, Seal Beach, CA, 90740",5.0,+15625961898
The Spa At The Glen,"1001 Brea Mall, Brea, CA, 92821",4.5,+17149902090
Eye Candy Lash & Brow Bar,"1829 Westcliff Dr, Newport Beach, CA, 92660",4.5,+19498770256
M Health N Wellness,"9741 Bolsa Ave, Westminster, CA, 92683",4.5,+17148398144
Dr.Lu Health Center,"23062 Alicia Pkwy, Mission Viejo, CA, 92692",4.5,+19494083188
ProHealth Wellness Center,"10141 Westminster Ave, Garden Grove, CA, 92843",4.0,+17145909872
"Boris M. Ackerman, MD","360 San Miguel Dr, Newport Beach, CA, 92660",5.0,+19497593284
Healing Salt,"8345 Garden Grove, Garden Grove, CA, 92844",4.0,+17145915025
Captivating Skin By Margo,"19771 Grandview Dr, Corona, CA, 92881",5.0,+19518184808
PrimaFace Aesthetics,"18042 Magnolia St, Fountain Valley, CA, 92708",4.5,+17149282880
Hand & Stone Massage and Facial Spa,"30836 Coast Hwy, Laguna Beach, CA, 92651",4.5,+19497155567
Skin Theory Aesthetics Inc.,"2791 Green River Rd, Corona, CA, 92882",4.5,+19517355570
Dana Point Bodycentre,"24629 Del Prado Ave, Dana Point, CA, 92629",4.5,+19494870891
Your Spa,"11616 South St, Artesia, CA, 90701",4.5,+15628656900
Beauty Retreat Spa & Nails,"22611 Lake Forest Dr, Lake Forest, CA, 92630",4.5,+19493801878
SoCal Beauty,"75 Vantis Dr, Aliso Viejo, CA, 92656",5.0,+19497027164
LaserAway,"369 E 17th St, Costa Mesa, CA, 92627",4.0,+19495482929
Tryst Medical Spa,"13925 City Center Dr, Chino Hills, CA, 91709",4.5,+19092378447
"Michael V Elam, MD","360 San Miguel Dr, Newport Beach, CA, 92660",4.0,+19497211113
Orchid Massage Spa,"2000 Harbor Blvd, Costa Mesa, CA, 92627",4.0,+19496502288
"Lorrie Klein, MD","30201 Golden Lantern, Laguna Niguel, CA, 92677",4.0,+19495652562
Bodywize Therapeutic Massage,"25195 Manzanita Dr, Dana Point, CA, 92629",5.0,+19495211538
Lashes by Lyna,"1160 E Yorba Linda Blvd, Placentia, CA, 92870",5.0,+17149939671
Vy Massage spa,"2709 Westminster Ave, Santa Ana, CA, 92706",5.0,+17147604093
re·hy·drate,"31852 Coast Hwy, Laguna Beach, CA, 92651",5.0,+19497155066
OrangeTwist - Brea,"375 W Birch St, Brea, CA, 92821",5.0,+17147069400
Sea Spa and Salon,"14351 Euclid St, Garden Grove, CA, 92843",4.0,+17142632399
"Peter Newen, MD - Image Plastic Surgery","7801 Center Ave, Huntington Beach, CA, 92647",4.5,+17142302430
O2 Wellness,"3551 Camino Mira Costa, San Clemente, CA, 92672",4.0,+19492406713
Between The Lines Aesthetic,"18531 Main St, Huntington Beach, CA, 92648",5.0,+17142995414
Flawless Faces,"124 Broadway, Costa Mesa, CA, 92627",4.5,+19497424211
Katie Rabers Face and Body Esthetiques,"5911 Heil Ave, Huntington Beach, CA, 92649",4.5,+17148404004
Newport Plastic Surgery,"351 Hospital Rd, Newport Beach, CA, 92663",4.0,+19495005440
L'aura Wellness,"18300 Gridley Rd, Artesia, CA, 90701",5.0,+15622957048
Beauty Bungalow Face and Body Sculpting,"14591 Newport Ave, Tustin, CA, 92780",5.0,+17149420522
SilkSpa Face & Body,"10255 Colima Rd, Whittier, CA, 90603",5.0,+15622829990
Revive Aesthetics & Wellness Center,"14740 Pipeline Ave, Chino Hills, CA, 91709",5.0,+19093933005
Fejjab Spa,"15030 Whittier Blvd, Whittier, CA, 90603",4.5,+15623516430
Bronzed Bunny,"1820 Newport Blvd, Costa Mesa, CA, 92627",4.5,+19496501266
Imperial Health Spa,"1885 N Euclid St, Fullerton, CA, 92835",3.5,+17148711500
SEV Laser,"2222 Michelson Dr, Irvine, CA, 92612",4.0,+19495365389
Modern Medical,"8021 Edinger Ave, Westminster, CA, 92683",4.5,+17143751393
Origins Massage and Bodyworks,"18303 Brookhurst St, Fountain Valley, CA, 92708",4.5,+17149652700
Reddy Aesthetics,"7772 Warner Ave, Huntington Beach, CA, 92647",4.5,+17149160166
Purty Day Spa,"21540 Yorba Linda Blvd, Yorba Linda, CA, 92887",4.5,+17144559085
Weiping Sarah Mei MD - Naples Medical Care,"5865 E Naples Plz, Long Beach, CA, 90803",4.5,+15627353800
SkinDivaEsthetics,"1211 W Imperial Hwy, Brea, CA, 92821",4.5,+15623473587
Kim Lan Beauty Clinic,"9191 Bolsa Ave, Westminster, CA, 92683",4.0,+17149017956
Anaheim Hills Surgery and Skin Care Center,"145 S Chaparral Ct, Anaheim, CA, 92808",1.0,+17146025775
Zendo Nail Spa,"524 W 19th St, Costa Mesa, CA, 92627",4.5,+19498735177
La Princesa,"1401 S Brookhurst Rd, Fullerton, CA, 92833",4.5,+17146260301
American Weight Loss Centers,"24953 Paseo De Valencia, Laguna Hills, CA, 92653",4.5,+19498319977
Agency the Salon,"4505 Barranca Pkwy, Irvine, CA, 92604",5.0,+19498726734
Hudavi Wellness Spa,"5550 E 7th St, Long Beach, CA, 90804",4.5,+15624332177
Thiptara Thai Massage & Spa,"1932 Harbor Blvd, Costa Mesa, CA, 92627",4.5,+19497229111
Wonder Nails & Spa,"17870 Newhope St, Fountain Valley, CA, 92708",4.5,+17149791714
Revive Face Body Skin,"379 W Central Ave, Brea, CA, 92821",4.5,+17147069765
Skinny Beach Med Spa,"31888 Del Obisbo St, San Juan Capistrano, CA, 92675",4.0,+18582722021
Images Luxury Nail Lounge,"2525 Eastbluff Dr, Newport Beach, CA, 92660",4.5,+19497209333
DermFx,"16501 Pacific Coast Hwy, Sunset Beach, CA, 90742",4.0,+15625925100
Gateway MedSpa,"6080 Hamner Ave, Eastvale, CA, 91752",4.5,+19514560280
Associated Physicians of Orange County,"17731 Irvine Blvd, Tustin, CA, 92780",4.0,+17149484281
Salud Clinica Medica,"1617 E 1st St, Santa Ana, CA, 92701",4.5,+17142460000
Revive Health Spa,"9842 Adams Ave, Huntington Beach, CA, 92648",4.5,+17149631206
Mega Wellness Clinic,"432 S Brea Blvd, Brea, CA, 92821",5.0,+17147846767
"Brian Heller, DC","1525 E Ontario Ave, Corona, CA, 92881",5.0,+19512798900
American Weight Loss Centers,"13362 Newport Ave, Tustin, CA, 92780",4.5,+17145080099
"Cheryl L. Effron, MD","500 S Anaheim Hills Rd, Anaheim Hills, CA, 92807",3.0,+17149743272
LuminS Skin & Body Rejuvenation Center,"10301 Bolsa Ave, Westminster, CA, 92683",2.5,+16572044027
"Julianne Trinh, NP -  Liquid Beauty","18377 Beach Blvd, Huntington Beach, CA, 92648",5.0,+17148003091
No1 New Top Nails And Spa,"30232 Crown Valley Pkwy, Laguna Niguel, CA, 92677",4.5,+19493638758
RiverwalkMD Aesthetics,"1810 Fullerton Ave, Corona, CA, 92881",4.5,+19513511346
Images Luxury Nail Lounge,"3881 Alton Pkwy, Irvine, CA, 92606",4.0,+19497835388
The FaceWorx,"11688 South St, Artesia, CA, 90701",5.0,+15629252577
"Terry Dubrow, M.D","1617 Westcliff Dr, Newport Beach, CA, 92660",3.0,+19495154111
"Jeffrey Lee, MD DMD","17452 Irvine Blvd, Tustin, CA, 92780",4.0,+17147349363
Win Nails Spa,"20770 Lake Forest Dr, Lake Forest, CA, 92630",4.0,+19495886789
BodyCentre Fullerton,"535 West Commonwealth Ave, Fullerton, CA, 92832",4.5,+17144471784
Skin Laundry - Brea,"1065 Brea Mall, Brea, CA, 92821",4.0,+17149887970
Boost Hydration,"2216 Newport Blvd, Costa Mesa, CA, 92627",4.5,+19496292333
Botox by Shahnaz,"2010 E First St, Santa Ana, CA, 92705",3.5,+17148363541
Belle Vie Wellness & Medical Aesthetics,"11402 South St, Cerritos, CA, 90703",5.0,+15628650802
Henna Threading & Beauty,"21701 Lake Forest Dr, Lake Forest, CA, 92630",4.0,+19495870459
European Wax Center,"3800 Barranca Pkwy, Irvine, CA, 92606",3.5,+19498570770
Ritz Nails,"2201 Park Ave, Tustin, CA, 92782",3.5,+17142591170
Luv The Look,"6887 Katella Ave, Cypress, CA, 90630",4.5,+17147185374
"Sid Mirrafati, MD","3140 Red Hill Ave, Costa Mesa, CA, 92626",3.5,+17145448678
TheBest Nail & Spa,"17422 Beach Blvd, Huntington Beach, CA, 92647",4.5,+17143750055
DoctorFatOff by MDS Medical Spa,"711 E Imperial Hwy, Brea, CA, 92821",4.5,+18555328633
HL Harmony Wellness Center,"5817 Pine Ave, Chino Hills, CA, 91709",4.5,+19099655555
Aspire Medical Aesthetics,"2790 Cabot Dr, Corona, CA, 92883",4.5,+19512779707
Skinzone Medical,"3374 S Bristol St, Santa Ana, CA, 92704",3.0,+17143611555
Struong Cosmetic  - Lipo & Laser Center,"15643 Brookhurst St, Westminster, CA, 92683",3.5,+17148399999
Macro Med,"2780 Cabot Dr, Corona, CA, 92883",5.0,+19514441362
Envy Aesthetics Center,"1818 Sierra Leone Ave, Rowland Heights, CA, 91748",4.5,+16268211003
Ajliss Medical Aesthetics - Brea,"445 S Associated Rd, Brea, CA, 92821",4.5,+17144942626
Slender Me Medical,"2083 Compton Ave, Corona, CA, 92881",4.5,+19518988515
Sahar Allure,"591 N McKinley St, Corona, CA, 92879",5.0,+17149866782
A Silent Moment Spa Organic,"410 Ximeno Ave, Long Beach, CA, 90814",4.5,+15624382108
Dling Medical Aesthetic Center,"20657 Golden Springs Dr, Diamond Bar, CA, 91789",5.0,+19098957761
Skincare by Suzette,"17814 Woodruff Ave Suite, Bellflower, CA, 90706",5.0,+15622159583
Good Morning Acupuncture,"12587 E Carson St, Hawaiian Gardens, CA, 90716",5.0,+15628098626
Bloom Medical Group,"9200 Colima Rd, Whittier, CA, 90605",4.0,+15629450252
Happy Nails & Spa,"3800 Barranca Pkwy, Irvine, CA, 92606",3.0,+19495521221
Skin Perfect Medical Aesthetics,"1812 E Rte 66, Glendora, CA, 91740",5.0,+16263462484
Bare Skincare By Nicole,"1899 W Malvern Ave, Fullerton, CA, 92833",4.5,+17145141627
Ambiance Skin Care Salon & Day Spa,"3946 E 4th St, Long Beach, CA, 90814",4.5,+15626211121
Body By Fisher,"17491 Bastanchury Rd, Yorba Linda, CA, 92886",3.5,+17147739010
LaserAway,"7881 Edinger Ave, Huntington Beach, CA, 92647",4.0,+16572070614
Bliss At The Cove,"7884 East Coast Hwy, Newport Coast, CA, 92657",3.5,+19494946666
Image Rx,"6214 E Pacific Coast Hwy, Long Beach, CA, 90803",4.5,+15629613668
Beyond Image Medical Spa,"11839 South St, Cerritos, CA, 90703",4.0,+15624741788
The Tennis Club at Monarch Beach,"33080 Niguel Rd, Monarch Beach, CA, 92629",3.0,+19494933190
Nu Nails,"2537 W Coast Hwy, Newport Beach, CA, 92663",4.5,+19497221690
Total Body Aesthetic,"1525 Mesa Verde E, Costa Mesa, CA, 92626",3.5,+18336652639
AVEDA Belle Isle Salon & Spa,"769 Spectrum Center Dr, Irvin, CA, 92618",3.5,+19494500300
Skin Deep Esthetics,"14599 Ramona Ave, Chino, CA, 91710",5.0,+19518975509
"Rispler Jacob, MD","246 W College St, Irvine, CA, 91723",2.0,+18006066000
AcuBethel Acupuncture & Herbs,"1210 S Euclid St, La Habra, CA, 90631",5.0,+12135983047
Suddenly Younger & Slimmer,"4152 Katella Ave, Los Alamitos, CA, 90720",4.5,+17143484492
Venus  Spa,"15496 Magnolia St, Westminster, CA, 92683",3.5,+17149346666
Weight Loss & Wellness Spa,"9824 Magnolia Ave, Riverside, CA, 92503",5.0,+19513496743
OC Body Contouring and Med Spa,"1122 E Lincoln Ave, Orange, CA, 92865",1.0,+17142060173
Merlot Medical Spa,"3654 S Nogales St, West Covina, CA, 91792",4.0,+16263336516
Happy Nails and Spa,"26676 Portola Pkwy, Foothill Ranch, CA, 92610",4.0,+19498596190
My Perfect Brows,"2535 W Coast Hwy, Newport Beach, CA, 92663",4.5,+19495153440
Blooming Orchids,", Long Beach, CA, 90803",5.0,+15626734878
UHB Medi Spa,"17814 Woodruff Ave, Bellflower, CA, 90706",5.0,+15629200109
Smooth and Skinny,"18032 Lemon Dr, Yorba Linda, CA, 92886",5.0,+17144825391
"Cheryl L Effron, MD","17822 Beach Blvd, Huntington Beach, CA, 92647",3.0,+17148485851
Skin Perfect Medical Aesthetics,"6501 Greenleaf Ave, Whittier, CA, 90601",4.5,+15622783203
C' Siren Day Spa,"910 S El Camino Real, San Clemente, CA, 92672",4.5,+19494987700
Suphattra's Retreat,"3070 W Chapman Ave, Orange, CA, 92868",3.5,+17143859640
Nu Image Medspa,"2081 San Joaquin Hills Rd, Newport Beach, CA, 92660",1.5,+19496400531
Skin Suite Rx Medspa,"4045 Grand Ave, Chino, CA, 91710",3.5,+19099021988
Full Spectrum Dermatology,"333 W Bastanchury Rd, Fullerton, CA, 92835",4.0,+17148794312
Tayani Institute,"26726 Crown Valley Pkwy, Mission Viejo, CA, 92691",3.0,+19494892218
Laser MD Cosmetics,"3816 Woodruff Ave, Long Beach, CA, 90808",4.5,+15623549000
"The ""R"" Massage and Skin Care Services","6642 E Pacific Coast Hwy, Long Beach, CA, 90803",4.5,+13106312123
My Petite,"14368 Whittier Blvd, Whittier, CA, 90605",4.5,+15626930077
Nailicious and Spa,"1856 N Tustin St, Orange, CA, 92865",4.5,+17149984263
Sandy's Threading & Beauty,"17385 17th St, Tustin, CA, 92780",4.5,+17145448195
The Skin Room,"7013 Washington Ave, Whittier, CA, 90602",4.5,+15625361142
"Chen Cindy, MD - Taylen Dermatology","11180 Warner Ave, Fountain Valley, CA, 92708",4.0,+19495527546
Skin First Spa,"9653 Lakewood Blvd, Downey, CA, 90241",4.5,+15622914172
The Body Lab,"3128 E Chapman Ave, Orange, CA, 92869",5.0,+17145168844
Label Me Lindsay,"11140 Los Alamitos Blvd, Los Alamitos, CA, 90720",5.0,+15624935691
Salon 74 LXXIV,"31431 Santa Margarita Pkwy, Rancho Santa Margarita, CA, 92688",4.5,+19494590808
IHC Weight Loss,"6041 Bolsa Ave, Huntington Beach, CA, 92647",4.5,+17148909088
Picasso Medical Aesthetics & Spa,"14442 Whittier Blvd, Whittier, CA, 90605",4.5,+15629451830
The Nail Story,"27881 La Paz Rd, Laguna Niguel, CA, 92677",4.0,+19494468300
Body Tan Salon & Spa,"10136 Indiana Ave, Riverside, CA, 92503",4.5,+19516878267
LaserAway,"3333 E Imperial Hwy, Brea, CA, 92823",4.5,+17145922990
WOORI CLINIC,"1385 S Diamond Bar Blvd, Diamond Bar, CA, 91765",5.0,+19098611015
Katie Spa,"9438 Magnolia Ave, Riverside, CA, 92503",4.5,+19515253586
Life Time Athletic,"25600 Rancho Niguel Rd, Laguna Niguel, CA, 92677",3.5,+19492382700
Esencia Salon and Spa by Kathy Silva,"9050 Slauson Ave, Pico Rivera, CA, 90660",5.0,+15628691615
OC Cosmetic and Vein Center,"2866 E Imperial Hwy, Brea, CA, 92821",4.5,+17145720040
Bliss Beauty Bar,"13919 Harbor Blvd, Garden Grove, CA, 92843",4.5,+19493329324
Skin D' Amour,"1211 W La Palma Ave, Anaheim, CA, 92801",4.0,+17149995781
European Wax Center,"2785 North Main St, Santa Ana, CA, 92705",4.5,+19494324500
Brea Wellness Center,"2720 N Harbor Blvd, Fullerton, CA, 92835",3.5,+17145298923
Renew Medical Center,"819 W Wilshire Ave, Fullerton, CA, 92832",4.0,+17144007502
Glamour Nail Bar & Beauty,"23052 Eastpark Dr, Yorba Linda, CA, 92887",4.5,+17146371460
Sugar Mama Skin Sugar Tan,"524 W Commonwealth Ave, Fullerton, CA, 92832",5.0,+15624848653
CryoCareUSA,"18600 Main St, Huntington Beach, CA, 92648",4.5,+17143698155
Vida Organic Wellness,"320 Main St, Seal Beach, CA, 90740",4.0,+15625967755
The Image Center,"7801 Center Ave, Huntington Beach, CA, 92647",4.5,+18887364988
Aroma Beauty Center,"1818 Sierra Leone Ave, Rowland Heights, CA, 91748",5.0,+16265818488
ArtMedica,"11911 Artesia Blvd, Cerritos, CA, 90701",5.0,+15624026852
Patient Preferred Dermatology,"3772 Katella Ave, Los Alamitos, CA, 90720",3.0,+15624304294
"Baugh William, MD","333 W Bastanchury Rd, Fullerton, CA, 92835",3.0,+17148794312
Sisu Studios,"801 Avenida Talega, San Clemente, CA, 92673",5.0,+18447777478
California Skin Institute - Brea,"475 S State College Blvd, Brea, CA, 92821",3.0,+17148707546
Marilyn Max Organic Spa,", Diamond Bar, CA, 91765",4.0,+18187361662
European Wax Center,"7881 Edinger Ave, Huntington Beach, CA, 92647",4.0,+17148934600
Cosmetic Surgery & Laser Center,"19147 Bloomfield Ave, Cerritos, CA, 90703",4.5,+18004624320
The Grand,"445 S Associated Rd, Brea, CA, 92821",4.5,+17144942600
Alija Aesthetics,"13470 Telegraph Rd, Whittier, CA, 90605",4.5,
AMA Regenerative Medicine & Skincare,"6310 San Vicente Blvd, Los Angeles, CA, 90048",4.5,+13104602444
Porcelain Hair Studio,"611 6th St, Huntington Beach, CA, 92648",4.5,+17149698722
Wave Plastic Surgery & Aesthetic Laser Center,"18433 Colima Rd, Rowland Heights, CA, 91748",4.5,+16269647788
The Camp Transformation Center- Lake Forest,"22600-F Lambert St, Lake Forest, CA, 92630",4.5,+19494223639
"Gale Lawrence , MD","1600 Pacific Coast Hwy, Seal Beach, CA, 90740",3.0,+15625964244
Pampered Beauty Bar,"12598 Central Ave, Chino, CA, 91710",4.5,+19095915470
Bella Beach Bod,"18819 Delaware St, Huntington Beach, CA, 92648",4.5,+17145000050
Jasmine Thai Spa,"636 E Katella Ave, Orange, CA, 92867",1.5,+17147711248
Zen Nails & Spa,"665 N Tustin St, Orange, CA, 92867",4.0,+17147717818
Life Wellness Center,"20905 Golden Springs Dr, Diamond Bar, CA, 91789",4.5,+19094682192
Contour Skin Therapy,", Huntington Beach, CA, 92648",5.0,+18183213909
Biotone Nails & Spa,"7640 Edinger Ave, Huntington Beach, CA, 92647",4.0,+17145964860
T & K Nails,"3839 W 1st St, Santa Ana, CA, 92703",4.0,+17142659068
California Cosmetics,"260 E Ontario Ave, Corona, CA, 92879",4.5,+19492748595
A Little Touch of Heaven,"3363 Via Lido, Newport Beach, CA, 92663",5.0,+19496735966
Today Nail’s & Spa,"16385 Bolsa Chica St, Huntington Beach, CA, 92649",4.0,+17148402440
Noora's Threading & Skin Care,"3113 W Lincoln Ave, Anaheim, CA, 92801",4.0,+17148160786
Magnolia Skincare,"9939 Magnolia Ave, Riverside, CA, 92503",4.5,+19513275552
MS Slim,"17460 Colima Rd, Rowland Heights, CA, 91748",4.0,+16265819966
Rodem Tree Acupuncture & Beauty Clinic,"2501 E Chapman Ave, Fullerton, CA, 92831",4.0,+17145193138
Neoderma,"23639 Hawthorne Blvd, Torrance, CA, 90505",4.5,+18778283233
Kneaded Therapy,"110 W 10th St, Corona, CA, 92882",5.0,+19513714003
Beleza Day Spa,"10403 Lakewood Blvd, Downey, CA, 90241",4.5,+15626598251
Aisthetikos,"1501 Superior Ave, Newport Beach, CA, 92663",3.5,+19496427600
Face Body Aesthetics,"7365 Carnelian St, Rancho Cucamonga, CA, 91730",4.5,+19093608376
Serenity MD Weight Loss & Medical Spa,"4028 Grand Ave, Chino, CA, 91710",4.5,+19095974528
Total Body Care,"408 Westminster Ave, Newport Beach, CA, 92663",5.0,+19495742400
Bellissima Skin Studio,"8416 Florence Ave, Downey, CA, 90240",5.0,+15622617166
Y & G Beauty Center,"18958 Daisetta St, Rowland Heights, CA, 91748",5.0,+16264171763
Medspa Deluxe LA,"910 S Sunset Ave, West Covina, CA, 91790",4.5,+16266718202
Sugar Nail Lounge,"15901 Goldenwest St, Huntington Beach, CA, 92647",4.5,+17148945740
Deluxe Beaute Spa,"1241 Grand Ave, Diamond Bar, CA, 91765",4.5,+19096703936
Latitude 33 Hair Artistry,"416 S Anaheim Hills Rd, Anaheim, CA, 92807",5.0,+17149988363
Purelite Medical,"18702 Colima Rd, Rowland Heights, CA, 91748",3.5,+16268108880
French Nail & Spa,"5010 Ball Rd, Cypress, CA, 90630",4.5,+17148210599
Kawehi Skin,"2133 W Chapman Ave, Orange, CA, 92868",5.0,+17142026815
Burke Williams Day Spa,"27741 Crown Valley Pkwy, Mission Viejo, CA, 92691",4.0,+19493679717
Smooth and Skinny,"445 S Associated Rd, Brea, CA, 92821",4.5,+17144825391
Orchard Nails,"2150 California Ave, Corona, CA, 92881",4.5,+19518987888
Lumen Spa,"267 W Bonita Ave, Claremont, CA, 91711",5.0,+19097417667
Platinum Image Services,"9461 Charleville Blvd, Beverly Hills, CA, 90212",5.0,+13109677701
Downey Skin & Body Therapy,"9900 Lakewood Blvd, Downey, CA, 90240",4.5,+15626440684
Aziz Cuts Salon & barbershop,"1214 S Brookhurst St, Anaheim, CA, 92804",4.5,+17149916501
Skin Studio B,"1270 Tyler St, Riverside, CA, 92503",4.0,+19517227483
May-Rah-Kee Studio,"1361 S Harbor Blvd, Fullerton, CA, 92832",5.0,+17148550067
Thrive Full Body Wellness,"4959 Katella Ave, Cypress, CA, 90720",4.5,+17149529335
Michelle Marie Clinical,"13944 Seal Beach Blvd, Seal Beach, CA, 90740",5.0,+17148463010
Daniel & Company,"16841 Algonquin St, Huntington Beach, CA, 92649",4.5,+17148405352
Healing Therapy Spa,"12470 Washington Blvd, Whittier, CA, 90602",4.0,+15629452010
Kallisto Salon & Spa,"375 W Central Ave, Brea, CA, 92821",4.5,+17149900577
Beauty Bar Sculpting,"1700 Hamner Ave, Norco, CA, 92860",4.5,+19516384455
La Belle Laser Skin and Surgery Center,"1722 Desire Ave, Rowland Heights, CA, 91748",2.5,+16269131288
Clean Slate,"22150 Wardham Ave, Hawaiian Gardens, CA, 90716",4.5,+15629459111
Deluxe Beaute Spa,"17520 Castleton St, City of Industry, CA, 91748",4.0,+16267368816
Serenity Jade Spa,"7921 Painter Ave, Whittier, CA, 90602",4.5,+15626938889
The Body Wrap Clinic,"7041 Western Ave, Buena Park, CA, 90620",4.5,+17145211700
Awaken Aesthetics,"23441 Madison St, Torrance, CA, 90505",5.0,+13107912233
La Brea Nails,"2900 Brea Blvd, Fullerton, CA, 92835",4.0,+17146713133
Pacific Acne Clinic,"10068 Magnolia Ave, Riverside, CA, 92503",2.5,+19515094509
May's Wellness & Spa,"5555 Stearns St, Long Beach, CA, 90815",4.0,+15625961400
Burke Williams Day Spa,"20 City Blvd W, Orange, CA, 92868",4.0,+17147691360
Oya Beauty,"1735 Fullerton Rd, Rowland Heights, CA, 91748",4.5,+16265810402
Ricca Donna Salon,"405 S State College Blvd, Brea, CA, 92821",4.5,+17142561333
Massage Green Spa,"1312 E. Ontario Avenue, Corona, CA, 92881",4.0,+19513717918
In Essence Day Spa,"20532 El Toro Rd, Mission Viejo, CA, 92692",4.0,+19493227981
Happy Nails and Spa of Bella Terra,"7777 Edinger Ave, Huntington Beach, CA, 92647",3.5,+17143739650
"Dev Wali, MD","250 W 1st St, Claremont, CA, 91711",4.0,+19096244440
European Wax Center,"12410 Seal Beach Blvd, Seal Beach, CA, 90740",4.0,+15624303333
Pearl Nails and Spa,"2917 N Bellflower Blvd, Long Beach, CA, 90815",4.0,+15624968130
Massage Green Spa,"3926 Grand Avenue, Chino, CA, 91710",4.0,+19094656776
Tana's Wellness Spa,"560 Carlsbad Village Dr, Carlsbad, CA, 92008",4.5,+17143095075
Art nails,"1601 W 17th St, Santa Ana, CA, 92706",3.5,+17142859464
Vitaminfusion,"11908 Ventura Blvd, Studio City, CA, 91604",5.0,+18778482387
Bare Skin Beauty,"985 W Foothill Blvd, Claremont, CA, 91711",4.5,+19096212218
Palm Beach Tan,"3359 Grand Oaks Ave, Corona, CA, 92883",4.0,+19512728409
SkinGoals,"5721 Lincoln Ave, Cypress, CA, 90630",5.0,+17142806745
Gemini Plastic Surgery,"12499 Victoria Gardens Ln, Rancho Cucamonga, CA, 91739",4.0,+19094630715
New Life Solutions,"1118 E Green St, Pasadena, CA, 91106",4.5,+16268179886
Roxana Bentea - Beverly Hills,"11498 Pierce St, Riverside, CA, 92505",5.0,+19092109777
Lavish Skin Care & Med Spa,"17118 Bellflower Blvd, Bellflower, CA, 90706",3.5,+15624610506
F4 Beauty Center,"1600 S Azusa Ave, City of Industry, CA, 91748",4.5,+16264145566
Sirena Beauty Center,"2019 S Hacienda Blvd, Hacienda Heights, CA, 91745",4.5,+16263178868
European Wax Center,"7372 Carson Blvd, Long Beach, CA, 90808",4.5,+15627588800
Spa Millennium Health Care,"10600 Magnolia Ave, Riverside, CA, 92505",3.0,+19516888733
Skin Care And Body sculpting,"8060 Florence Ave, Downey, CA, 90240",4.5,+15623028237
Golden Nails,"1212 S Bristol St, Santa Ana, CA, 92704",2.0,+17144321425
Lash Addiction Beauty Studio,"1660 Hamner Ave, Norco, CA, 92860",4.5,+19517389448
Massage Heights The Shoppes of Chino Hills,"13925 City Center Dr, Chino Hills, CA, 91709",4.0,+19098102899
Giovanni's Salon,"15938 Los Serranos Country Club Dr, Chino Hills, CA, 91709",4.5,+19096061500
Eye Candy Lash & Brow Bar,"5801 Lincoln Ave, Buena Park, CA, 90620",4.5,+17147230770
Beauty By Sandra,"591 N McKinley St, Corona, CA, 92879",3.5,+19513101936
Sabino Salon,"2065 W Whittier Blvd, La Habra, CA, 90631",4.5,+15626978100
FEIBI Clinic,"18611 Gale Ave, City of Industry, CA, 91748",4.5,+19096860116
FUN by Michelle,"3838 Sherman Dr, Riverside, CA, 92503",3.0,+19519778535
Ulta Beauty,"7777 Edinger Ave, Huntington Beach, CA, 92647",2.5,+17148919708
Spa Connections,", Beverly Hills, CA, 90024",4.5,+18886603636
Healing Tree Acupuncture & Wellness Center,"3975 Jackson St, Riverside, CA, 92503",4.5,+19513512377
Dalia's Skin Boutique,"591 N Mckinley St, Corona, CA, 92879",5.0,+17142449062
Kaya Beauty & Threading Studio,"975 E Birch St, Brea, CA, 92821",4.0,+17142550011
Salon Allure,"5926 E Del Amo Blvd, Lakewood, CA, 90713",4.5,+15624299209
Palm Beach Tan,"12672 Limonite St, Corona, CA, 92880",4.0,+19512722322
Lemon Tree Spa and Salon,"11325 183rd St, Cerritos, CA, 90703",3.0,+15624023637
Massage Envy - Chino,"3825 Grand Ave, Chino, CA, 91710",3.5,+19095730200
Vivid Health & Beauty,"18340 E Colima Rd, Rowland Heights, CA, 91748",4.5,+16268104948
The Hydration Room,"19330 Goldenwest St, Huntington Beach, CA, 92648",4.5,+16578457953
Glow Day Spa,"1196 N Tustin St, Orange, CA, 92867",4.0,+19493913189
Harry Spa and Nails,"1105 S Euclid St, Fullerton, CA, 92832",2.0,+17146260661
The Powder Room By Joanne,"13104 Philadelphia St, Whittier, CA, 90601",5.0,+15624579135
Optimal Health & Wellness,"202 S Lake Ave, Pasadena, CA, 91101",4.5,+16267880023
SEV Laser,"934 Hermosa Ave, Hermosa Beach, CA, 90254",4.5,+14243904626
Cleopatra Skin Care,"2666 W Olympic Blvd, Los Angeles, CA, 90006",4.5,+12134271111
Massage Envy - Lake Forest,"23635 El Toro Rd, Lake Forest, CA, 92630",4.0,+19497683689
Massage Heights Mission Viejo,"26032 Marguerite Pkwy, Mission Viejo, CA, 92692",4.0,+19495284390
Glow Beauty Bar,"8351 Rochester Ave, Rancho Cucamonga, CA, 91730",3.5,+19099222132
"Armen Vartany, MD","116 S Buena Vista St, Burbank, CA, 91505",4.5,+18185000823
Massage Envy - Aliso Viejo,"26852 La Paz Rd, Aliso Viejo, CA, 92656",3.5,+19494728177
Relax and Unwind Spa,"13272 Euclid St, Garden Grove, CA, 92844",4.5,+17144257870
Now & Zen,"237 W Bonita Ave, San Dimas, CA, 91773",4.5,+19095996633
Massage Envy - Dana Point,"32585 Golden Lantern St, Dana Point, CA, 92629",3.0,+19495450444
Ultra Body Sculpting,"7561 Center Ave, Huntington Beach, CA, 92647",5.0,+18888587201
Massage Heights Newport Beach,"1334 Bison Ave, Newport Beach, CA, 92660",4.0,+19496447352
Mayflower Reflexology,"3045 B S Archibald Ave, Ontario, CA, 91761",4.0,+19099231898
Bodycentre Wellness Suites,"1607 E Lincoln Ave, Orange, CA, 92865",4.5,+17149219777
Massage Envy - Park Place-Irvine,"2967 Michelson Dr, Irvine, CA, 92612",3.5,+19492533689
Ice & Fire Spa Boutique by Synthia,"6887 Katella Ave, Cypress, CA, 90630",5.0,+15627164797
Massage Envy - Irvine Northpark Plaza,"3965 Irvine Blvd, Irvine, CA, 92602",3.0,+17145976500
Massage Envy - Mission Viejo North,"28815 Los Alisos Blvd, Mission Viejo, CA, 92692",4.0,+19495863689
Massage Envy - Mission Viejo South,"27620 Marguerite Pkwy Ste Ab, Mission Viejo, CA, 92692",4.0,+19493887300
Kimberly's Relaxation Spa,"13944 Seal Beach Blvd, Seal Beach, CA, 90740",4.5,+15622255206
Massage Envy - Costa Mesa,"3030 Harbor Blvd, Costa Mesa, CA, 92626",3.0,+17145455305
Glo Advanced Skincare & Aesthetics,"256 Cajon St, Redlands, CA, 92373",2.0,+19097086197
Massage Envy - Tustin,"2833 Park Ave, Tustin, CA, 92782",3.0,+17146178900
Massage Envy - Laguna Niguel Plaza,"30065 Alicia Pkwy, Laguna Niguel, CA, 92677",4.0,+19494958100
Urban Bliss,"7851 Valley View St, La Palma, CA, 90623",4.0,+17147358653
Massage Envy - Orange Hills,"7536 E Chapman Ave, Orange, CA, 92869",4.0,+17142811800
Massage Envy - Newport Beach at Westcliff,"1052 Irvine Ave, Newport Beach, CA, 92660",3.0,+19492003330
Top Line Nails & Spa,"8715 Washington Blvd, Pico Rivera, CA, 90660",2.5,+15629498885
Solara Nail Bar,"460 Pacific Coast Hwy, Seal Beach, CA, 90740",5.0,+15625883027
Hand & Stone Massage and Facial Spa,"2549 E Imperial Hwy, Brea, CA, 92821",4.5,+17147868434
Topline Nails,"9302 Whittier Blvd, Pico Rivera, CA, 90660",2.0,+15629496551
Massage Envy - Huntington Beach,"7644 Edinger Ave, Huntington Beach, CA, 92647",3.5,+17143743689
Nails Luv & Spa,"8901 Valley View St, Buena Park, CA, 90620",4.0,+17148288808
Massage Envy - Orange Town and Country,"745 S Main St, Orange, CA, 92868",3.5,+17149213900
Hand & Stone Massage and Facial Spa,"4200 Chino Hills Pkwy, Chino Hills, CA, 91709",4.0,+19095979717
Whittier Massage,"7205 Greenleaf Ave, Whittier, CA, 90602",3.5,+15626980288
Massage Envy - Anaheim Hills,"5769 E Santa Ana Canyon Rd, Anaheim, CA, 92807",3.0,+17146372300
Massage Envy - Huntington Beach West,"19431 Main St, Huntington Beach, CA, 92648",3.5,+17143745588
Golden Island Spa,"2661 W Whittier Blvd, La Habra, CA, 90631",4.5,+15622025049
Massage Envy - Cypress - CA,"6915 Katella Ave, Cypress, CA, 90630",4.0,+17149471888
Drip IV Therapy + Mobile,"3415 S Sepulveda Blvd, Los Angeles, CA, 90034",5.0,+12132629665
Massage Envy - Lakewood Center,"4949 Graywood Ave, Lakewood, CA, 90712",4.0,+15626303689
Massage Envy - San Clemente,"638 Camino De Los Mares, San Clemente, CA, 92673",2.5,+19493733400
Massage Envy - Placentia,"122 E Yorba Linda Blvd, Placentia, CA, 92870",3.5,+17145283689
Equinox Huntington Beach,"21010 Pacific Coast Hwy, Huntington Beach, CA, 92648",4.0,+16572154710
Sky Nail Salon & Spa,"3434 W Lincoln Ave, Anaheim, CA, 92801",3.5,+17148862319
Massage Envy - Long Beach Town Center,"7609 Carson Blvd, Long Beach, CA, 90808",3.5,+15623549300
Massage Envy - Eastvale,"12435 Limonite Ave, Eastvale, CA, 91752",3.5,+19513603689
Massage Envy - Seal Beach,"12340 Seal Beach Blvd, Seal Beach, CA, 90740",3.5,+15625961500
Massage Envy - Corona,"2225 Eagle Glen Pkwy, Corona, CA, 92883",3.0,+19513713689
Massage Envy - Yorba Linda,"20499 Yorba Linda Blvd, Yorba Linda, CA, 92886",2.5,+17147010200
Massage Envy - La Habra,"1216 S Idaho St, La Habra, CA, 90631",3.0,+17145157555
Massage Envy - Brea Downtown,"375 W Birch St, Brea, CA, 92821",3.0,+17149903033
Massage Envy - Whittier,"15632 Whitwood Ln, Whittier, CA, 90603",3.5,+15626985000
Massage Envy - Glendora,"1343 E Gladstone St, Glendora, CA, 91740",3.5,+19092677515
Massage Envy - Downey,"12052 Lakewood Blvd, Downey, CA, 90242",3.5,+15626223689
Graceology,", Lake arrowhead, CA, 90027",5.0,+13108748600
Ranch & Coast Plastic Surgery,"1431 Camino Del Mar, Del Mar, CA, 92014",4.5,+18584501555
Skinny Beach Med Spa,"4645 Carmel Mountain Rd, San Diego, CA, 92130",4.5,+18582722021
U Laser MedSpa,"4150 Regents Park Row, La Jolla, CA, 92037",5.0,+18582814560
