Name,Location,Rating,Contact
Amoderm Cosmetic & Wellness Medical Center,"18 Endeavor, Irvine, CA, 92618",5.0,+19492667346
Ageless MD,"14001 Newport Ave, Tustin, CA, 92780",5.0,+17147609918
Bloom Medical Aesthetics,"4840 Irvine Blvd, Irvine, CA, 92620",5.0,+17143897011
OC Skin Care Center,"360 San Miguel Dr, Newport Beach, CA, 92660",5.0,+19497677870
Newport Beach Dermatology & Plastic Surgery,"1441 Avocado Ave, Newport Beach, CA, 92660",5.0,+19497067886
BioSpa,"3991 Macarthur Blvd, Newport Beach, CA, 92660",5.0,+19493475656
New Skin And Body Aesthetics,"4980 Barranca Pkwy, Irvine, CA, 92604",5.0,+19492167755
B Beautiful Med Spa,"24953 Paseo De Valencia, Laguna Hills, CA, 92653",5.0,+19496008280
Beautiful Reflections,"1525 Mesa Verde Dr E, Costa Mesa, CA, 92626",5.0,+17144375665
Club Skin Gym,"26851 Aliso Creek Rd, Aliso Viejo, CA, 92656",5.0,+19494323215
"Laura Hertzog, NP","5094 E Los Coyotes Diagonal, Long Beach, CA, 90815",5.0,+15623572500
Newport Aesthetics Research,"1600 Dove St, Newport Beach, CA, 92660",5.0,+19495342007
Zena Medical,"359 San Miguel Dr, Newport Beach, CA, 92660",5.0,+19492008222
Club Skin Gym,"17785 Santiago Blvd, Villa Park, CA, 92861",5.0,+17143633431
Skin Deep By Christine,"7862 Warner Ave, Huntington Beach, CA, 92647",5.0,+17144255866
Concierge Aesthetics,"113 Waterworks Way, Irvine, CA, 92618",5.0,+19499101609
Luxury Medical Spa,"17122 Beach Blvd, Huntington Beach, CA, 92647",5.0,+16572150205
Renu Dermatology and Wellness,"1741 W Romneya Dr, Anaheim, CA, 92801",5.0,+17142154516
Seductive Skin,"24002 Via Fabricante, Mission Viejo, CA, 92691",5.0,+19492575081
The Skin,"1740 E Garry Ave, Santa Ana, CA, 92705",5.0,+19494648772
YOU aesthetics,"4825 Main St, Yorba Linda, CA, 92886",5.0,+17147795700
"Marco M Zahedi, MD - Ageless Life Institute","1200 N Tustin Ave, Santa Ana, CA, 92705",5.0,+19493719862
Image Perfect Laser,"4605 Barranca Pkwy, Irvine, CA, 92604",5.0,+19494853866
Golden Coast Dermatology,"26732 Crown Valley Pkwy, Mission Viejo, CA, 92691",5.0,+19492007008
Belle Vie Wellness & Medical Aesthetics,"11402 South St, Cerritos, CA, 90703",5.0,+18556350011
Skin Perfect Medical Aesthetics,"3030 Harbor Blvd, Costa Mesa, CA, 92626",4.5,+17142783506
Beauty With a Mission,"234 E 17th St, Costa Mesa, CA, 92627",5.0,+19498772720
Beauty Goals Aesthetic Care,"600 E Chapman Ave, Orange, CA, 92866",5.0,+17148513372
E B Medical Spa & Laser Center,"26730 Towne Centre Dr, Foothill Ranch, CA, 92610",4.5,+19496007888
The Treatment Skin Boutique,"447 Old Newport Blvd, Newport Beach, CA, 92663",5.0,+19494682905
Sahar Allure,"591 N McKinley St, Corona, CA, 92879",4.5,+17149866782
TotalCare Wellness Center,"13768 Roswell Ave, Chino, CA, 91710",5.0,+19096288820
Neoderma,"1175 E Lincoln Ave, Anaheim, CA, 92805",4.5,+18778283233
Seaside Skin Care,"1401 N El Camino Real, San Clemente, CA, 92672",5.0,+19492762777
Nu Bloom Esthetics,"1537 E Amar Rd, West Covina, CA, 91792",5.0,+18182166773
"Robert Milanes, MD - Luminary MD","62 Corporate Park, Irvine, CA, 92606",4.5,+19495225081
Illumination Skin Spa,"763 S Main St, Orange, CA, 92868",5.0,+17143335561
South Coast Plastic Surgery,"4968 Booth Cir, Irvine, CA, 92604",5.0,+19497014454
Mirako Spa,"14108 Brookhurst St, Garden Grove, CA, 92843",5.0,+17146361888
Pure Beauty Skin Care Med Spa,"200 Newport Center Dr, Newport Beach, CA, 92660",4.5,+19492366001
"Neda Mehr, MD - Pure Dermatology & Cosmetic Center","500 Superior Ave, Newport Beach, CA, 92663",4.5,+19497061469
Kanvas Beaute,"2435 Park Ave, Tustin, CA, 92782",5.0,+13106969280
Revive Aesthetics & Wellness Center,"14740 Pipeline Ave, Chino Hills, CA, 91709",5.0,+19093933005
Belle Jeunesse,"600 Corporate Dr, Ladera Ranch, CA, 92694",4.5,+19493471040
Beyond Beauty Medical Spa,"20072 SW Birch St, Newport Beach, CA, 92660",5.0,+19492033434
RegenOC,"3838 E Coast Hwy, Corona Del Mar, CA, 92625",4.5,+18777757546
Facial Aesthetic Concepts,"665 Camino De Los Mares, San Clemente, CA, 92673",4.5,+19494855511
Restore Med Clinic,"1501 Westcliff Dr, Newport Beach, CA, 92660",5.0,+19495039621
Don't Wait 2 Rejuvenate,"20281 SW Birch St, Newport Beach, CA, 92660",5.0,+19499224078
SkinLIV,"4001 Birch St, Newport Beach, CA, 92660",5.0,+19492997370
Sanctuary Spa,"6487 E Pacific Coast Hwy, Long Beach, CA, 90803",5.0,+15624303027
Invitation to Browse,"18351 Beach Blvd, Huntington Beach, CA, 92648",4.5,+19495068099
Bellatudo Skin and Wellness Center,"12721 Newport Ave, Tustin, CA, 92760",5.0,+17148523128
M Aesthetics of Orange County,"30501 Avenida De Las Flores, Rancho Santa Margarita, CA, 92688",5.0,+19497025477
Wildrose Aesthetics,"2300 SE Bristol, Newport Beach, CA, 92660",5.0,+19494904741
King Esthetics,"17849 Beach Blvd, Huntington Beach, CA, 92647",5.0,+17144998902
Beyond Regenerative Medicine & Aesthetics,"1501 Westcliff Dr, Newport Beach, CA, 92660",5.0,+19492706789
Appearance Center of Newport Beach,"180 Newport Ctr Dr, Newport Beach, CA, 92660",5.0,+19492001615
California Cosmetics,"260 E Ontario Ave, Corona, CA, 92879",4.5,+19492748595
"Jennifer Armstrong, MD","369 San Miguel Dr, Newport Beach, CA, 92660",4.5,+19497062887
Iconic Skin Clinic,"15651 Imperial Hwy, La Mirada, CA, 90638",5.0,+17142255137
Newport Beach Skin Care Center,"20072 SW Birch St, Newport Beach, CA, 92660",4.0,+19493357546
Oasis Skin Clinic,"9252 Garden Grove Blvd, Garden Grove, CA, 92844",4.5,+17145375432
The Image Center,"16300 Sand Canyon Ave, Irvine, CA, 92618",4.5,+18887364988
Laguna Beach Aesthetics,"32392 S Coast Hwy, Laguna Beach, CA, 92651",5.0,+19494154310
"Marguerite J. Bernett, MD Cosmetic Plastic Surgeon","280 Newport Center Dr, Newport Beach, CA, 92660",5.0,+19494234234
Michelle Marie Clinical,"13944 Seal Beach Blvd, Seal Beach, CA, 90740",5.0,+17148463010
Pacific Coast Facial Plastic Surgery,"25500 Rancho Niguel Rd, Laguna Niguel, CA, 92677",5.0,+19492733112
Yes Darling,"2050 W Chapman Ave, Orange, CA, 92835",5.0,+15626507001
Capri Microblading Art,"2300 SE Bristol St, Newport Beach, CA, 92660",5.0,+19493316639
South County Microspa,"31441 Santa Margarita Pkwy, Rancho Santa Margarita, CA, 92688",4.5,+19492269995
Skin Perfect Medical Aesthetics,"10380 Foothill Blvd, Rancho Cucamonga, CA, 91730",4.5,+19092819020
Dermanoor,"14331 Euclid St, Garden Grove, CA, 92843",4.5,+17148523311
Vivella Med Spa,"7534 E Chapman Ave, Orange, CA, 92869",5.0,+17147717722
Good Morning Acupuncture,"12587 E Carson St, Hawaiian Gardens, CA, 90716",5.0,+15628098626
Spa Aesthetica,"424 S Main St, Orange, CA, 92868",4.5,+17149370772
NB Skincare,"9757 Garden Grove Blvd, Garden Grove, CA, 92844",5.0,+19499235955
"Jacob Boeckmann, MD","25500 Rancho Niguel Rd, Laguna Niguel, CA, 92677",5.0,+19492733112
Panacea Aesthetics & Wellness Center,"881 Dover Dr, Newport Beach, CA, 92663",5.0,+19499450906
Clean Skin,"6887 Katella Ave, Cypress, CA, 90630",5.0,+17144925816
Deepskin Medical Aesthetics Studios,"1382 Valencia Ave, Tustin, CA, 92780",5.0,+19494314918
XO Medical Spa,"270 S Prospect Ave, Tustin, CA, 92780",5.0,+17143833504
"Tracy A Darling, MD","31862 Coast Hwy, Laguna Beach, CA, 92651",5.0,+19496109950
Newport Face N Body,"2222 Michelson Dr, Irvine, CA, 92612",5.0,+19493019993
Total Woman Healthcare -  Reza Shafee OB/GYN,"2010 E 1st St, Santa Ana, CA, 92705",4.5,+17148363540
NEXMED Body,"62 Corporate Park, Irvine, CA, 92606",4.0,+19493425950
"Shirley Wang, MD - LevelUp Health Care","4570 Campus Dr, Newport Beach, CA, 92660",4.5,+18884060688
American Weight Loss Centers,"24953 Paseo De Valencia, Laguna Hills, CA, 92653",4.5,+19498319977
Belle Vie Wellness & Medical Aesthetics,"1712 Newport Blvd, Costa Mesa, CA, 92627",5.0,+18556350011
Skin by Janny,"6408 Del Amo Blvd, Lakewood, CA, 90713",5.0,+15628814834
Ô de Rose Med Spa,"14642 Newport Ave, Tustin, CA, 92780",4.5,+16572890152
"Marguerite J. Bernett, MD","3993 Portola Pkwy, Irvine, CA, 92602",4.0,+19494234234
NuBella Med Spa,"1565 Adams Ave, Costa Mesa, CA, 92626",5.0,+19496140052
"Arian Mowlavi, MD - The Cosmetic Plastic Surgery Institute","32406 Coast Hwy, Laguna Beach, CA, 92651",4.0,+19495583230
Beauty Boss MD,"320 Superior Ave, Newport Beach, CA, 92663",5.0,+19493339056
DermFx,"275 S Main St, Orange, CA, 92868",4.5,+17145169588
Renouvele Body Solutions,"1442 Irvine Blvd, Tustin, CA, 92780",5.0,+17149879822
Mel's Skinspa Ink,"4122 E Chapman Ave, Orange, CA, 92869",5.0,+19494239279
Brow and Lash Beauty Salon,"3100 Airway Ave, Costa Mesa, CA, 92626",5.0,+14243331625
NuAge Spa,"25642 Crown Valley Pkwy, Ladera Ranch, CA, 92694",5.0,+19493888577
Orange Coast Dermatology,"26800 Crown Valley Pkwy, Mission Viejo, CA, 92691",4.0,+19492296961
RJ Clinical Institute,"23263 Madero, Mission Viejo, CA, 92691",5.0,+19492882688
Avanti Skin Clinic,"1031 Rosecrans Ave, Fullerton, CA, 92833",4.5,+17145261448
OC Cosmetic and Vein Center,"2866 E Imperial Hwy, Brea, CA, 92821",4.5,+17145720040
Newport Beach MedSpa,"100 West Coast Hwy, Newport Beach, CA, 92663",4.5,+19496312800
Advanced Skincare MedCenter,"369 San Miguel Dr, Newport Beach, CA, 92660",4.5,+19497062887
Serenity Skin Spa,"2650 Avon St, Newport Beach, CA, 92663",5.0,+17143182552
MedSkinEssentials,"170 El Camino Real, Tustin, CA, 92780",4.0,+19492454477
Gravity MedSpa,"27352 Calle Arroyo, San Juan Capistrano, CA, 92675",4.5,+19493876118
Zelken Institute for Aesthetic Medicine,"1617 Westcliff Dr, Newport Beach, CA, 92660",5.0,+19494324730
Wang Plastic Surgery & Med Spa,"817 W 17th St, Santa Ana, CA, 92706",5.0,+17147604335
Beauty Boost Med Spa,"20072 SW Birch St, Newport Beach, CA, 92660",5.0,+19495148602
Juliana Skin Clinic 2,"9535 Garden Grove Blvd, Garden Grove, CA, 92844",5.0,+17142131582
"Peter Newen, MD - Image Plastic Surgery","7801 Center Ave, Huntington Beach, CA, 92647",4.5,+17142302430
Permanent Beauty,"1565 Adams Ave, Costa Mesa, CA, 92626",5.0,+17149135226
OC Health and Physical Medicine,"18017 Skypark Cir, Irvine, CA, 92614",5.0,+19498627499
HautSpa Medica,"1000 Bristol St N, Newport Beach, CA, 92660",5.0,+19494774940
Tamara Mesaros Advanced Skincare,"22 Odyssey, Irvine, CA, 92625",5.0,+19494674615
Jackie C skin therapy,"155 5th St, Huntington Beach, CA, 92648",5.0,+19517503607
New Look Skin Center,"6701 Quail Hill Pkwy, Irvine, CA, 92603",4.0,+18186625005
Laguna Dermatology,"23521 Paseo De Valencia, Laguna Hills, CA, 92653",5.0,+19495201815
Qazi Cosmetic Clinic,"113 Waterworks Way, Irvine, CA, 92618",5.0,+19493367293
DermFx,"16501 Pacific Coast Hwy, Sunset Beach, CA, 90742",4.0,+15625925100
"Lavinia K Chong, MD","1401 Avocado Ave, Newport Beach, CA, 92660",5.0,+19496441400
"Karen Leong, M.D.","359 San Miguel Dr, Newport Beach, CA, 92660",4.5,+19492008222
Contours,"25431 Cabot Rd, Laguna Hills, CA, 92653",5.0,+19497684096
Between The Lines Aesthetic,"18531 Main St, Huntington Beach, CA, 92648",5.0,+17142995414
Fresh Faces,"1565 Adams Ave, Costa Mesa, CA, 92626",5.0,+17146049121
Ultherapy Med Spa,"20281 SW Birch St, Newport Beach, CA, 92660",5.0,+19496522780
California Cosmetics,"2001 Westcliff Dr, Newport Beach, CA, 92660",4.0,+18559771982
Bellvs Aesthetic And Weight Loss Center,"4425 Jamboree Rd, Newport Beach, CA, 92660",5.0,+19492478800
Derma Beauty Aesthetics,"17775 Main St, Irvine, CA, 92614",4.5,+19493068591
"Rebecca Ceverha, NP-C","5094 E Los Coyotes Diagonal, Long Beach, CA, 90815",5.0,+15623572500
TET Beauty,"18852 Brookhurst St, Fountain Valley, CA, 92708",4.0,+17143956666
Skin First Spa,"9653 Lakewood Blvd, Downey, CA, 90241",4.5,+15622914172
Wave Plastic Surgery & Laser Center,"2700 Alton Pkwy, Irvine, CA, 92606",4.5,+18554667901
JE Beauté,"180 Newport Center Dr, Newport Beach, CA, 92660",5.0,+19497066486
Bare Bunny Aesthetics,"307 3rd St, Huntington Beach, CA, 92648",5.0,+17144721178
Complete Care Medical Spa,"4902 Irvine Center Dr, Irvine, CA, 92604",4.5,+19498614177
Newport Dermatology Institute,"2121 E Coast Hwy, Corona Del Mar, CA, 92625",4.5,+19496294263
Katie's Beautiful You Aesthetics,"901 Dover Dr, Newport Beach, CA, 92660",5.0,+19496312500
SoCal Lazer & Medi Spa,"8201 Newman Ave, Huntington Beach, CA, 92647",4.5,+19494324849
Bijou Skincare,"1401 S Beach Blvd, La Habra, CA, 90631",4.0,+15629431234
SPA THERA Newport Beach,"20072 SW Birch St, Newport Beach, CA, 92660",5.0,+19499336966
"Melanie Ho Erb, MD","16300 Sand Canyon Ave, Irvine, CA, 92618",5.0,+19497270102
Ajliss Medical Aesthetics - Brea,"445 S Associated Rd, Brea, CA, 92821",4.5,+17144942626
Facial Aesthetic Concepts,"26831 Aliso Creek Rd, Aliso Viejo, CA, 92656",4.0,+19492077856
HV Pharmacy,"22641 Lake Forest Dr, Lake Forest, CA, 92630",5.0,+19494572246
Advanced Skincare MedCenter,"2720 Harbor Blvd, Fullerton, CA, 92835",4.0,+17148799936
Orange County Plastic Surgery,"4501 Birch St, Newport Beach, CA, 92660",4.0,+19498889700
Gateway MedSpa,"6080 Hamner Ave, Eastvale, CA, 91752",4.5,+19514560280
A+ Day Spa,"355 Bristol St, Costa Mesa, CA, 92626",4.5,+17144863611
Facial Aesthetic Concepts,"22411 Antonio Pkwy, Rancho Santa Margarita, CA, 92688",4.0,+19493137356
The Aesthetic Lounge,"359 San Miguel Dr, Newport Beach, CA, 92660",4.5,+19497067776
Skin Theory Aesthetics Inc.,"2791 Green River Rd, Corona, CA, 92882",4.5,+19517355570
Radiant Beauty Skin Care Med Spa,"2795 W Lincoln Ave, Anaheim, CA, 92801",5.0,+18886573636
American Weight Loss Centers,"13362 Newport Ave, Tustin, CA, 92780",4.5,+17145080099
Reddy Aesthetics,"7772 Warner Ave, Huntington Beach, CA, 92647",4.5,+17149160166
Broadway Skincare,"26878 La Paz Rd, Aliso Viejo, CA, 92656",4.5,+19494236278
Rox Spa Newport Beach,"1617 Westcliff Dr, Newport Beach, CA, 92660",4.5,+19496401111
"Laser & Vitality Institute: Angelina Devera, MD","11100 Warner Ave, Fountain Valley, CA, 92708",4.0,+17147069704
CARA Plastic Surgery & Laser Center,"5161 Beach Blvd, Buena Park, CA, 90621",4.5,+18555580571
Marina Mitri Skin Care,"10698 Los Alamitos Blvd, Los Alamitos, CA, 90720",4.5,+15627083694
The Botox Bar & Wellness Shop,"31888 Del Obispo St, San Juan Capistrano, CA, 92675",5.0,+19494800148
Healthy Beautiful Skin and Tan,"4012 Katella Ave, Los Alamitos, CA, 90720",5.0,+17146257402
Heavenly Plastic Surgery,"29300 Portola Pkwy, Lake Forest, CA, 92630",5.0,+16579005055
Pale Girls Palace,"2600 Newport Blvd, Newport Beach, CA, 92603",5.0,+19518330102
Zianna Areola Tattoo And Scalp Micropigmentation,"20301 Sw Birch St, Newport Beach, CA, 92660",5.0,+19494637043
Skin Perfect Brothers,"1569 S Fairway Dr, Walnut, CA, 91789",4.5,+19098390714
Darling Med Spa,"4000 Barranca Pkwy, Irvine, CA, 92604",5.0,+19518011801
Skinpurfect,"18537 Main St, Huntington Beach, CA, 92648",5.0,+15629723406
Spa Habit,"7862 Warner Ave, Huntington Beach, CA, 92647",5.0,+17149434169
Newport Faces Cosmetic Surgery,"1401 Avocado Ave, Newport Beach, CA, 92660",5.0,+19495661032
Bella Luce Skin Care,"124 Broadway, Costa Mesa, CA, 92627",5.0,+19497917043
"Monica Kieu, DO","361 Hospital Rd, Newport Beach, CA, 92663",5.0,+19496455179
Polished Permanent Makeup,", Santa Ana, CA, 92705",5.0,+16572291214
Blissful Beauty Lounge,"2901 West Coast Hwy, Newport Beach, CA, 92663",5.0,+19492876687
Golden Roots Acupuncture & Herbal Medicine,"1781 W Romneya Dr, Anaheim, CA, 92801",5.0,+16572309113
Forever Ageless,"20271 SW Birch St, Newport Beach, CA, 92660",4.5,+19495530260
Veronica Hall,", Aliso Viejo, CA, 92656",4.5,
SkinSpirit - Long Beach,"6460 E Pacific Coast Hwy, Long Beach, CA, 90803",5.0,+15625127900
Genesis Medical,"1101 Bryan Ave, Tustin, CA, 92780",4.5,+17148388188
S&L RejuvaSkin,"111 Fashion Ln, Tustin, CA, 92780",5.0,+17148523030
Botox And Beyond!,"10694 Magnolia Ave, Riverside, CA, 92505",5.0,+19513981932
Veritas Medical Center,"3340 E Chapman Ave, Orange, CA, 92869",4.5,+17144972267
DermFx,"2430 West Coast Hwy, Newport Beach, CA, 92663",4.5,+19495488812
Wave Plastic Surgery & Aesthetic Laser Center,"18433 Colima Rd, Rowland Heights, CA, 91748",4.5,+16269647788
Bella Skin Medi Spa,"5730 Beach Blvd, Buena Park, CA, 90621",5.0,+17145228275
Nirav Savalia,"361 Hospital Rd, Newport Beach, CA, 92660",4.5,+19497590980
Hue Beauty Studio,"23141 Verdugo Dr, Laguna Hills, CA, 92653",5.0,+19498121368
Cosmetic Plastic Surgery Institute,"2001 Westcliff Dr, Newport Beach, CA, 92660",4.5,+19494994147
Athenix Body Sculpting Institute,"113 Waterworks Wy, Irvine, CA, 92618",4.5,+19492032748
Avanti Laser Clinic,"19267 Colima Rd, Rowland Heights, CA, 91748",5.0,+16268209386
The Beauty Within Cosmetic Acupuncture,"202 Fashion Ln, Tustin, CA, 92780",5.0,+19494243393
Bareface Beauty Studio,"2435 Park Ave, Tustin, CA, 92782",5.0,+19092287088
Finesse Plastic Surgery,"230 S Main St, Orange, CA, 92868",4.5,+19492722085
Dana's Beauty Secrets,"23555 Golden Springs Dr, Diamond Bar, CA, 91765",5.0,+16267575189
Alice Skincare,"2691 Richter Ave, Irvine, CA, 92606",5.0,+19495439804
"Robert W. Kessler, MD, FACS","2121 E Pacific Coast Hwy, Corona del Mar, CA, 92625",5.0,+19496446544
