Name,Location,Rating,Contact
Ageless MD,"14001 Newport Ave, Tustin, CA, 92780",5.0,+17147609918
Amoderm Cosmetic & Wellness Medical Center,"18 Endeavor, Irvine, CA, 92618",5.0,+19492667346
Beautiful Reflections,"1525 Mesa Verde Dr E, Costa Mesa, CA, 92626",5.0,+17144375665
"Laura Hertzog, NP","5094 E Los Coyotes Diagonal, Long Beach, CA, 90815",5.0,+15623572500
Renu Dermatology and Wellness,"1741 W Romneya Dr, Anaheim, CA, 92801",5.0,+17142154516
Skin Deep By Christine,"7862 Warner Ave, Huntington Beach, CA, 92647",5.0,+17144255866
Luxury Medical Spa,"17122 Beach Blvd, Huntington Beach, CA, 92647",5.0,+16572150205
Belle Vie Wellness & Medical Aesthetics,"11402 South St, Cerritos, CA, 90703",5.0,+18556350011
Club Skin Gym,"17785 Santiago Blvd, Villa Park, CA, 92861",5.0,+17143633431
OC Skin Care Center,"360 San Miguel Dr, Newport Beach, CA, 92660",5.0,+19497677870
BioSpa,"3991 Macarthur Blvd, Newport Beach, CA, 92660",5.0,+19493475656
YOU aesthetics,"4825 Main St, Yorba Linda, CA, 92886",5.0,+17147795700
"Marco M Zahedi, MD - Ageless Life Institute","1200 N Tustin Ave, Santa Ana, CA, 92705",5.0,+19493719862
Bloom Medical Aesthetics,"4840 Irvine Blvd, Irvine, CA, 92620",5.0,+17143897011
Beauty Goals Aesthetic Care,"600 E Chapman Ave, Orange, CA, 92866",5.0,+17148513372
Newport Beach Dermatology & Plastic Surgery,"1441 Avocado Ave, Newport Beach, CA, 92660",5.0,+19497067886
Skin Perfect Medical Aesthetics,"3030 Harbor Blvd, Costa Mesa, CA, 92626",4.5,+17142783506
The Skin,"1740 E Garry Ave, Santa Ana, CA, 92705",5.0,+19494648772
Neoderma,"1175 E Lincoln Ave, Anaheim, CA, 92805",4.5,+18778283233
Mirako Spa,"14108 Brookhurst St, Garden Grove, CA, 92843",5.0,+17146361888
Newport Aesthetics Research,"1600 Dove St, Newport Beach, CA, 92660",5.0,+19495342007
Illumination Skin Spa,"763 S Main St, Orange, CA, 92868",5.0,+17143335561
Oasis Skin Clinic,"9252 Garden Grove Blvd, Garden Grove, CA, 92844",4.5,+17145375432
Beauty With a Mission,"234 E 17th St, Costa Mesa, CA, 92627",5.0,+19498772720
Nu Bloom Esthetics,"1537 E Amar Rd, West Covina, CA, 91792",5.0,+18182166773
Zena Medical,"359 San Miguel Dr, Newport Beach, CA, 92660",5.0,+19492008222
Sanctuary Spa,"6487 E Pacific Coast Hwy, Long Beach, CA, 90803",5.0,+15624303027
B Beautiful Med Spa,"24953 Paseo De Valencia, Laguna Hills, CA, 92653",5.0,+19496008280
TotalCare Wellness Center,"13768 Roswell Ave, Chino, CA, 91710",5.0,+19096288820
Iconic Skin Clinic,"15651 Imperial Hwy, La Mirada, CA, 90638",5.0,+17142255137
The Treatment Skin Boutique,"447 Old Newport Blvd, Newport Beach, CA, 92663",5.0,+19494682905
King Esthetics,"17849 Beach Blvd, Huntington Beach, CA, 92647",5.0,+17144998902
Invitation to Browse,"18351 Beach Blvd, Huntington Beach, CA, 92648",4.5,+19495068099
NB Skincare,"9757 Garden Grove Blvd, Garden Grove, CA, 92844",5.0,+19499235955
Michelle Marie Clinical,"13944 Seal Beach Blvd, Seal Beach, CA, 90740",5.0,+17148463010
Club Skin Gym,"26851 Aliso Creek Rd, Aliso Viejo, CA, 92656",5.0,+19494323215
Good Morning Acupuncture,"12587 E Carson St, Hawaiian Gardens, CA, 90716",5.0,+15628098626
Clean Skin,"6887 Katella Ave, Cypress, CA, 90630",5.0,+17144925816
New Skin And Body Aesthetics,"4980 Barranca Pkwy, Irvine, CA, 92604",5.0,+19492167755
Spa Aesthetica,"424 S Main St, Orange, CA, 92868",4.5,+17149370772
Revive Aesthetics & Wellness Center,"14740 Pipeline Ave, Chino Hills, CA, 91709",5.0,+19093933005
Yes Darling,"2050 W Chapman Ave, Orange, CA, 92835",5.0,+15626507001
The Treatment Skin Boutique,"350 W 4th St, Claremont, CA, 91711",5.0,+19096257546
Dermanoor,"14331 Euclid St, Garden Grove, CA, 92843",4.5,+17148523311
Skin by Janny,"6408 Del Amo Blvd, Lakewood, CA, 90713",5.0,+15628814834
"Neda Mehr, MD - Pure Dermatology & Cosmetic Center","500 Superior Ave, Newport Beach, CA, 92663",4.5,+19497061469
Golden Coast Dermatology,"26732 Crown Valley Pkwy, Mission Viejo, CA, 92691",5.0,+19492007008
Juliana Skin Clinic 2,"9535 Garden Grove Blvd, Garden Grove, CA, 92844",5.0,+17142131582
Seductive Skin,"24002 Via Fabricante, Mission Viejo, CA, 92691",5.0,+19492575081
"Robert Milanes, MD - Luminary MD","62 Corporate Park, Irvine, CA, 92606",4.5,+19495225081
Bellatudo Skin and Wellness Center,"12721 Newport Ave, Tustin, CA, 92760",5.0,+17148523128
Concierge Aesthetics,"113 Waterworks Way, Irvine, CA, 92618",5.0,+19499101609
Avanti Skin Clinic,"1031 Rosecrans Ave, Fullerton, CA, 92833",4.5,+17145261448
DermFx,"275 S Main St, Orange, CA, 92868",4.5,+17145169588
"Peter Newen, MD - Image Plastic Surgery","7801 Center Ave, Huntington Beach, CA, 92647",4.5,+17142302430
Kanvas Beaute,"2435 Park Ave, Tustin, CA, 92782",5.0,+13106969280
Restore Med Clinic,"1501 Westcliff Dr, Newport Beach, CA, 92660",5.0,+19495039621
Beyond Beauty Medical Spa,"20072 SW Birch St, Newport Beach, CA, 92660",5.0,+19492033434
Don't Wait 2 Rejuvenate,"20281 SW Birch St, Newport Beach, CA, 92660",5.0,+19499224078
Image Perfect Laser,"4605 Barranca Pkwy, Irvine, CA, 92604",5.0,+19494853866
SkinLIV,"4001 Birch St, Newport Beach, CA, 92660",5.0,+19492997370
Pure Beauty Skin Care Med Spa,"200 Newport Center Dr, Newport Beach, CA, 92660",4.5,+19492366001
Wildrose Aesthetics,"2300 SE Bristol, Newport Beach, CA, 92660",5.0,+19494904741
Beyond Regenerative Medicine & Aesthetics,"1501 Westcliff Dr, Newport Beach, CA, 92660",5.0,+19492706789
Skin Perfect Medical Aesthetics,"10380 Foothill Blvd, Rancho Cucamonga, CA, 91730",4.5,+19092819020
OC Cosmetic and Vein Center,"2866 E Imperial Hwy, Brea, CA, 92821",4.5,+17145720040
DermFx,"16501 Pacific Coast Hwy, Sunset Beach, CA, 90742",4.0,+15625925100
Skin First Spa,"9653 Lakewood Blvd, Downey, CA, 90241",4.5,+15622914172
Wang Plastic Surgery & Med Spa,"817 W 17th St, Santa Ana, CA, 92706",5.0,+17147604335
E B Medical Spa & Laser Center,"26730 Towne Centre Dr, Foothill Ranch, CA, 92610",4.5,+19496007888
"Rebecca Ceverha, NP-C","5094 E Los Coyotes Diagonal, Long Beach, CA, 90815",5.0,+15623572500
Vivella Med Spa,"7534 E Chapman Ave, Orange, CA, 92869",5.0,+17147717722
Bijou Skincare,"1401 S Beach Blvd, La Habra, CA, 90631",4.0,+15629431234
The Facial Company Acne Clinic,"4959 Palo Verde St, Montclair, CA, 91763",4.5,+19099105610
Capri Microblading Art,"2300 SE Bristol St, Newport Beach, CA, 92660",5.0,+19493316639
XO Medical Spa,"270 S Prospect Ave, Tustin, CA, 92780",5.0,+17143833504
Between The Lines Aesthetic,"18531 Main St, Huntington Beach, CA, 92648",5.0,+17142995414
"Jennifer Armstrong, MD","369 San Miguel Dr, Newport Beach, CA, 92660",4.5,+19497062887
RegenOC,"3838 E Coast Hwy, Corona Del Mar, CA, 92625",4.5,+18777757546
Radiant Beauty Skin Care Med Spa,"2795 W Lincoln Ave, Anaheim, CA, 92801",5.0,+18886573636
Advanced Skincare MedCenter,"2720 Harbor Blvd, Fullerton, CA, 92835",4.0,+17148799936
NuBella Med Spa,"1565 Adams Ave, Costa Mesa, CA, 92626",5.0,+19496140052
California Cosmetics,"260 E Ontario Ave, Corona, CA, 92879",4.5,+19492748595
Total Woman Healthcare -  Reza Shafee OB/GYN,"2010 E 1st St, Santa Ana, CA, 92705",4.5,+17148363540
Deepskin Medical Aesthetics Studios,"1382 Valencia Ave, Tustin, CA, 92780",5.0,+19494314918
SoCal Lazer & Medi Spa,"8201 Newman Ave, Huntington Beach, CA, 92647",4.5,+19494324849
CARA Plastic Surgery & Laser Center,"5161 Beach Blvd, Buena Park, CA, 90621",4.5,+18555580571
Marina Mitri Skin Care,"10698 Los Alamitos Blvd, Los Alamitos, CA, 90720",4.5,+15627083694
"Marguerite J. Bernett, MD Cosmetic Plastic Surgeon","280 Newport Center Dr, Newport Beach, CA, 92660",5.0,+19494234234
Jackie C skin therapy,"155 5th St, Huntington Beach, CA, 92648",5.0,+19517503607
Appearance Center of Newport Beach,"180 Newport Ctr Dr, Newport Beach, CA, 92660",5.0,+19492001615
Mel's Skinspa Ink,"4122 E Chapman Ave, Orange, CA, 92869",5.0,+19494239279
Newport Beach Skin Care Center,"20072 SW Birch St, Newport Beach, CA, 92660",4.0,+19493357546
Ajliss Medical Aesthetics - Brea,"445 S Associated Rd, Brea, CA, 92821",4.5,+17144942626
Healthy Beautiful Skin and Tan,"4012 Katella Ave, Los Alamitos, CA, 90720",5.0,+17146257402
Panacea Aesthetics & Wellness Center,"881 Dover Dr, Newport Beach, CA, 92663",5.0,+19499450906
Newport Face N Body,"2222 Michelson Dr, Irvine, CA, 92612",5.0,+19493019993
TET Beauty,"18852 Brookhurst St, Fountain Valley, CA, 92708",4.0,+17143956666
Ô de Rose Med Spa,"14642 Newport Ave, Tustin, CA, 92780",4.5,+16572890152
"Laser & Vitality Institute: Angelina Devera, MD","11100 Warner Ave, Fountain Valley, CA, 92708",4.0,+17147069704
Seaside Skin Care,"1401 N El Camino Real, San Clemente, CA, 92672",5.0,+19492762777
Permanent Beauty,"1565 Adams Ave, Costa Mesa, CA, 92626",5.0,+17149135226
Reddy Aesthetics,"7772 Warner Ave, Huntington Beach, CA, 92647",4.5,+17149160166
MedSkinEssentials,"170 El Camino Real, Tustin, CA, 92780",4.0,+19492454477
Belle Vie Wellness & Medical Aesthetics,"1712 Newport Blvd, Costa Mesa, CA, 92627",5.0,+18556350011
South Coast Plastic Surgery,"4968 Booth Cir, Irvine, CA, 92604",5.0,+19497014454
Bare Bunny Aesthetics,"307 3rd St, Huntington Beach, CA, 92648",5.0,+17144721178
Beauty Boss MD,"320 Superior Ave, Newport Beach, CA, 92663",5.0,+19493339056
NEXMED Body,"62 Corporate Park, Irvine, CA, 92606",4.0,+19493425950
The Image Center,"16300 Sand Canyon Ave, Irvine, CA, 92618",4.5,+18887364988
Bella Skin Medi Spa,"5730 Beach Blvd, Buena Park, CA, 90621",5.0,+17145228275
OC Health and Physical Medicine,"18017 Skypark Cir, Irvine, CA, 92614",5.0,+19498627499
"Shirley Wang, MD - LevelUp Health Care","4570 Campus Dr, Newport Beach, CA, 92660",4.5,+18884060688
"Marguerite J. Bernett, MD","3993 Portola Pkwy, Irvine, CA, 92602",4.0,+19494234234
Brow and Lash Beauty Salon,"3100 Airway Ave, Costa Mesa, CA, 92626",5.0,+14243331625
Renouvele Body Solutions,"1442 Irvine Blvd, Tustin, CA, 92780",5.0,+17149879822
Golden Roots Acupuncture & Herbal Medicine,"1781 W Romneya Dr, Anaheim, CA, 92801",5.0,+16572309113
Facial Aesthetic Concepts,"665 Camino De Los Mares, San Clemente, CA, 92673",4.5,+19494855511
Fresh Faces,"1565 Adams Ave, Costa Mesa, CA, 92626",5.0,+17146049121
Skin Perfect Brothers,"1569 S Fairway Dr, Walnut, CA, 91789",4.5,+19098390714
SkinSpirit - Long Beach,"6460 E Pacific Coast Hwy, Long Beach, CA, 90803",5.0,+15625127900
Skinpurfect,"18537 Main St, Huntington Beach, CA, 92648",5.0,+15629723406
Serenity Skin Spa,"2650 Avon St, Newport Beach, CA, 92663",5.0,+17143182552
Derma Beauty Aesthetics,"17775 Main St, Irvine, CA, 92614",4.5,+19493068591
Belle Jeunesse,"600 Corporate Dr, Ladera Ranch, CA, 92694",4.5,+19493471040
Zelken Institute for Aesthetic Medicine,"1617 Westcliff Dr, Newport Beach, CA, 92660",5.0,+19494324730
Spa Habit,"7862 Warner Ave, Huntington Beach, CA, 92647",5.0,+17149434169
Newport Beach MedSpa,"100 West Coast Hwy, Newport Beach, CA, 92663",4.5,+19496312800
M Aesthetics of Orange County,"30501 Avenida De Las Flores, Rancho Santa Margarita, CA, 92688",5.0,+19497025477
Wave Plastic Surgery & Aesthetic Laser Center,"18433 Colima Rd, Rowland Heights, CA, 91748",4.5,+16269647788
Beauty Boost Med Spa,"20072 SW Birch St, Newport Beach, CA, 92660",5.0,+19495148602
Beyouty Medical Spa,"6887 Katella Ave, Cypress, CA, 90630",5.0,+15622704641
Laguna Beach Aesthetics,"32392 S Coast Hwy, Laguna Beach, CA, 92651",5.0,+19494154310
Ruby KM Beauty Center,"8851 Garden Grove Blvd, Garden Grove, CA, 92844",5.0,+17148765050
Beach Skin MD,"16111 Beach Blvd, Huntington Beach, CA, 92647",4.5,+17145960400
HautSpa Medica,"1000 Bristol St N, Newport Beach, CA, 92660",5.0,+19494774940
Pacific Coast Facial Plastic Surgery,"25500 Rancho Niguel Rd, Laguna Niguel, CA, 92677",5.0,+19492733112
Advanced Skincare MedCenter,"369 San Miguel Dr, Newport Beach, CA, 92660",4.5,+19497062887
Avanti Laser Clinic,"19267 Colima Rd, Rowland Heights, CA, 91748",5.0,+16268209386
Polished RX Skin Couture,"5708 E 2nd St, Long Beach, CA, 90803",4.5,+18006817904
California Cosmetics,"2001 Westcliff Dr, Newport Beach, CA, 92660",4.0,+18559771982
Ultherapy Med Spa,"20281 SW Birch St, Newport Beach, CA, 92660",5.0,+19496522780
Finesse Plastic Surgery,"230 S Main St, Orange, CA, 92868",4.5,+19492722085
Skin by Elena,"1600 Pacific Coast Hwy, Seal Beach, CA, 90740",5.0,+15622763757
South County Microspa,"31441 Santa Margarita Pkwy, Rancho Santa Margarita, CA, 92688",4.5,+19492269995
Wave Plastic Surgery & Laser Center,"2700 Alton Pkwy, Irvine, CA, 92606",4.5,+18554667901
Revive Face Body Skin,"379 W Central Ave, Brea, CA, 92821",4.5,+17147069765
ES Skin Care,"6772 Beach Blvd, Buena Park, CA, 90621",4.5,+17149944774
Advance Training Microblading,"9393 Bolsa Ave, Westminster, CA, 92683",5.0,+17146228494
"Lavinia K Chong, MD","1401 Avocado Ave, Newport Beach, CA, 92660",5.0,+19496441400
The Beautx Laser & Skin Care,"131 W Bonita Ave, San Dimas, CA, 91773",5.0,+19093051888
"Karen Leong, M.D.","359 San Miguel Dr, Newport Beach, CA, 92660",4.5,+19492008222
Veritas Medical Center,"3340 E Chapman Ave, Orange, CA, 92869",4.5,+17144972267
Katie's Beautiful You Aesthetics,"901 Dover Dr, Newport Beach, CA, 92660",5.0,+19496312500
"Jacob Boeckmann, MD","25500 Rancho Niguel Rd, Laguna Niguel, CA, 92677",5.0,+19492733112
Bellvs Aesthetic And Weight Loss Center,"4425 Jamboree Rd, Newport Beach, CA, 92660",5.0,+19492478800
A+ Day Spa,"355 Bristol St, Costa Mesa, CA, 92626",4.5,+17144863611
Dana's Beauty Secrets,"23555 Golden Springs Dr, Diamond Bar, CA, 91765",5.0,+16267575189
I A M Clinic,"18558 Gale Ave, City of Industry, CA, 91748",5.0,+16262952320
"Tracy A Darling, MD","31862 Coast Hwy, Laguna Beach, CA, 92651",5.0,+19496109950
American Weight Loss Centers,"13362 Newport Ave, Tustin, CA, 92780",4.5,+17145080099
Orange County Plastic Surgery,"4501 Birch St, Newport Beach, CA, 92660",4.0,+19498889700
SPA THERA Newport Beach,"20072 SW Birch St, Newport Beach, CA, 92660",5.0,+19499336966
Gateway MedSpa,"6080 Hamner Ave, Eastvale, CA, 91752",4.5,+19514560280
JE Beauté,"180 Newport Center Dr, Newport Beach, CA, 92660",5.0,+19497066486
Savvy Aesthetics,"6717 Atlantic Ave, Bell, CA, 90201",5.0,+13236892605
Newport Dermatology Institute,"2121 E Coast Hwy, Corona Del Mar, CA, 92625",4.5,+19496294263
Comprehensive Dermatology of Long Beach,"3736 Atlantic Ave, Long Beach, CA, 90807",4.5,+15622569929
Bella Luce Skin Care,"124 Broadway, Costa Mesa, CA, 92627",5.0,+19497917043
Beauty By Nicksz,"12437 Lewis St, Garden Grove, CA, 92840",5.0,+17149199575
Rox Spa Newport Beach,"1617 Westcliff Dr, Newport Beach, CA, 92660",4.5,+19496401111
S&L RejuvaSkin,"111 Fashion Ln, Tustin, CA, 92780",5.0,+17148523030
Pale Girls Palace,"2600 Newport Blvd, Newport Beach, CA, 92603",5.0,+19518330102
"Monica Kieu, DO","361 Hospital Rd, Newport Beach, CA, 92663",5.0,+19496455179
American Weight Loss Centers,"24953 Paseo De Valencia, Laguna Hills, CA, 92653",4.5,+19498319977
Skin Theory Aesthetics Inc.,"2791 Green River Rd, Corona, CA, 92882",4.5,+19517355570
Tamara Mesaros Advanced Skincare,"22 Odyssey, Irvine, CA, 92625",5.0,+19494674615
Weiping Sarah Mei MD - Naples Medical Care,"5865 E Naples Plz, Long Beach, CA, 90803",4.5,+15627353800
Envy Aesthetics Center,"1818 Sierra Leone Ave, Rowland Heights, CA, 91748",4.5,+16268211003
Qazi Cosmetic Clinic,"113 Waterworks Way, Irvine, CA, 92618",5.0,+19493367293
Genesis Medical,"1101 Bryan Ave, Tustin, CA, 92780",4.5,+17148388188
Zianna Areola Tattoo And Scalp Micropigmentation,"20301 Sw Birch St, Newport Beach, CA, 92660",5.0,+19494637043
Blissful Beauty Lounge,"2901 West Coast Hwy, Newport Beach, CA, 92663",5.0,+19492876687
Susan Brows PMU & Microblading,"9710 Garden Grove Blvd, Garden Grove, CA, 92844",5.0,+17146759174
Aromist Spa,"18316 Beach Blvd, Huntington Beach, CA, 92646",4.0,+17148375554
Tran Plastic Surgery,"10301 Bolsa Ave, Westminster, CA, 92683",4.5,+17148398000
Sirena Beauty Center,"2019 S Hacienda Blvd, Hacienda Heights, CA, 91745",4.0,+16263178868
"Arian Mowlavi, MD - The Cosmetic Plastic Surgery Institute","32406 Coast Hwy, Laguna Beach, CA, 92651",4.0,+19495583230
The Image Center,"7801 Center Ave, Huntington Beach, CA, 92647",4.5,+18887364988
Forever Ageless,"20271 SW Birch St, Newport Beach, CA, 92660",4.5,+19495530260
Cosmetic Ink Artistry,"714 Adams Ave, Huntington Beach, CA, 92648",5.0,+17146799949
Medspa Deluxe LA,"910 S Sunset Ave, West Covina, CA, 91790",4.5,+16266718202
Nirav Savalia,"361 Hospital Rd, Newport Beach, CA, 92660",4.5,+19497590980
Ibrows N Lashes,"763 S Main St, Orange, CA, 92868",5.0,+17147573290
The Aesthetic Lounge,"359 San Miguel Dr, Newport Beach, CA, 92660",4.5,+19497067776
Skin Perfect Medical Aesthetics,"1812 E Rte 66, Glendora, CA, 91740",5.0,+16263462484
Harbour Aesthetic Spa,"16845 Algonquin St, Huntington Beach, CA, 92649",4.5,+17145945798
DermFx,"2430 West Coast Hwy, Newport Beach, CA, 92663",4.5,+19495488812
Orange Coast Dermatology,"26800 Crown Valley Pkwy, Mission Viejo, CA, 92691",4.0,+19492296961
