Name,Location,Rating,Contact
Skintegrity Integrative Skincare,"2829 W Sunset Blvd, Los Angeles, CA, 90026",5.0,+14242569299
Amanda Hyde Skin,"1250 N La Brea Ave, West Hollywood, CA, 90038",4.5,+13234010530
Glow Aesthetic Center,"17200 Ventura Blvd, Encino, CA, 91316",5.0,+18189058815
The Face Bar,"8500 Melrose Ave, West Hollywood, CA, 90069",4.5,+13102462360
Jen Christie Skin Care,"4804 Colfax Ave, Valley Village, CA, 91601",5.0,+18186216565
Skin365,"4201 Torrance Blvd, Torrance, CA, 90503",5.0,+13103163365
Face of Jules - Los Angeles Facial Spa,"717 N Cahuenga Blvd, Los Angeles, CA, 90038",5.0,+13107708730
Skin by Janny,"6408 Del Amo Blvd, Lakewood, CA, 90713",5.0,+15628814834
Tracy Hudson Skin Care,"11239 Ventura Blvd, Studio City, CA, 91604",4.5,+13109940064
Beauty by Tiffany RN,"8500 Wilshire Blvd, Beverly Hills, CA, 90211",5.0,+13103673024
The M Day Spa,"8326 Wilshire Blvd, Beverly Hills, CA, 90211",4.5,+13106578081
Work Face and Body Solutions,"41 W Bellevue Dr, Pasadena, CA, 91105",5.0,+13236276227
Facile Dermatology + Boutique,"140 S Lake Ave, Pasadena, CA, 91101",5.0,+16263870129
Facile Dermatology + Boutique,"638 1/2 N Robertson Blvd, West Hollywood, CA, 90069",4.5,+13109292220
Skin Pro Aesthetics,"3007 Washington Blvd, Marina del Rey, CA, 90292",4.5,+13103064321
Dew Diligence SkinCo,"4241 Redondo Beach Blvd, Lawndale, CA, 90260",5.0,+13103027899
Brow Down Studio,"704 S Spring St, Los Angeles, CA, 90014",5.0,+12134797440
"Sheila Nazarian, MD, MMM","120 S Spalding Dr, Beverly Hills, CA, 90212",4.5,+13107892056
Skin By Jo,"4955 Van Nuys Blvd, Sherman Oaks, CA, 91403",5.0,+18188258131
Celeste Rodrigues Skin Care,"435 N Roxbury Dr, Beverly Hills, CA, 90210",5.0,+13104996400
Le Jolie Medi Spa,"652 N Doheny Dr, West Hollywood, CA, 90069",4.5,+14243550070
Los Angeles Skin Care,"13101 W Washington Blvd, Marina Del Rey, CA, 90066",4.5,+13105667135
"Cynthia Staub, Esthetician","427 S Marengo Ave, Pasadena, CA, 91101",5.0,+16267551091
Nicole Hirschman,"614 Santa Monica Blvd, Santa Monica, CA, 90401",5.0,+13105280147
Bel Viso Skin Care,"6727 Washington Ave, Whittier, CA, 90601",5.0,+15623601606
Tess Esthetics,"4932 Lankershim Blvd, North Hollywood, CA, 91601",5.0,+18182690308
Escape Day Spa,"11497 Jefferson Blvd, Culver City, CA, 90230",4.5,+13109150900
Montage Boutique Spa,"923 N Sepulveda Blvd, Manhattan Beach, CA, 90266",5.0,+13103766711
Skin By HaleyG,"3721 Rolle St, Los Angeles, CA, 90031",5.0,+13232503920
Vanessa Manel,"5110 Townsend Ave, Los Angeles, CA, 90041",5.0,+13235515855
Heather Nicole Advanced Integrative Skincare,"9014 W Olympic Blvd, Beverly Hills, CA, 90211",5.0,+13107347954
The Snatch Trap,"9808 Maple St, Bellflower, CA, 90706",5.0,+14243050905
Michelle Marie Clinical,"13944 Seal Beach Blvd, Seal Beach, CA, 90740",5.0,+17148463010
Esthetics by Angie,"12410 Burbank Blvd, Los Angeles, CA, 91607",5.0,+18188074099
Mint Skin,"1200 N Pacific Ave, Glendale, CA, 91202",5.0,+18182935382
"Aubrie Cook, Medical Esthetician","4237 Eagle Rock Blvd, Los Angeles, CA, 90065",5.0,+13233504182
The LA Facialist,"190 N Canon Dr, Beverly hills, CA, 90210",5.0,+13107399997
Candice Miele Skincare,", Beverly Hills, CA, 90210",5.0,+18457293376
Skin Matrx Integrated Beauty Solutions,"2301 W Alameda Ave, Burbank, CA, 91506",4.5,+18188480590
Infinity Med Spa,"27019 McBean Pkwy, Santa Clarita, CA, 91350",4.5,+16612598100
Westside Aesthetics,"11645 Wilshire Blvd, Los Angeles, CA, 90025",4.5,+13104435273
Beyond Aesthetics,"268 Village Commons Blvd, Camarillo, CA, 93012",5.0,+18053127070
Sanctuary Spa,"6487 E Pacific Coast Hwy, Long Beach, CA, 90803",5.0,+15624303027
South Bay Hair Removal Bar,"19800 Hawthorne Blvd, Torrance, CA, 90503",5.0,+14243920946
Winds of Change Rejuvenation Center,"10235 Strong Ave, Whittier, CA, 90601",5.0,+15626951269
LA Spa Esthetique- Brentwood,"11950 San Vicente Blvd, Brentwood, CA, 90049",4.0,+13104473838
The FaceWorx,"11688 South St, Artesia, CA, 90701",5.0,+15629252577
dr LASER,"8539 W Sunset Blvd, West Hollywood, CA, 90069",4.0,+13102733265
DePiano Skin,"354 Huntley Dr, Los Angeles, CA, 90048",5.0,+13232861799
Rejuvenate Medical Spa,"17130 Ventura Blvd, Encino, CA, 91316",4.5,+18187886363
The Med Spot,"6355 Topanga Canyon Blvd, Woodland Hills, CA, 91367",4.5,+18188881105
A New Day Spa,"19019 Hawthorne Blvd, Torrance, CA, 90503",4.5,+13103709078
Manhattan Dermatology,"400 S Sepulveda Blvd, Manhattan Beach, CA, 90266",4.0,+13105461188
Spatini Skin Lounge,"799 E Green St, Pasadena, CA, 91101",4.5,+16267688781
Skin Care by Gina Glasgow,"3720 N Verdugo Rd, Montrose, CA, 91020",5.0,+18184976039
Zen Studio Skin Care,"21021 Ventura Blvd, Woodland Hills, CA, 91367",5.0,+18183005090
Signature Med Spa by Su Sachar MD,"3440 Lomita Blvd, Torrance, CA, 90505",4.5,+13106021332
Zo Skin Centre,"120 S Lake Ave, Pasadena, CA, 91101",4.5,+16263250400
Angelskincare & peel lounge,"5919 Farralone Ave, Woodland Hills, CA, 91367",5.0,+18184896613
Cloud Med Spa,"120 S Spalding Dr, Beverly Hills, CA, 90212",5.0,+13102731001
Calabasas Dermatology Center,"23501 Park Sorrento, Calabasas, CA, 91302",4.5,+18182227495
Rox Spa Beverly Hills,"120 S Spalding Dr, Beverly Hills, CA, 90212",5.0,+13107770496
The Beautx Laser & Skin Care,"131 W Bonita Ave, San Dimas, CA, 91773",5.0,+19093051888
SkinMedix,"555 Pier Ave, Hermosa Beach, CA, 90254",4.5,+13103746600
Pure Luxe Medical,"423 Main St, El Segundo, CA, 90245",4.0,+14242771642
Aesthetics By Shekinah,", Los Angeles, CA, 91604",5.0,+13232515602
Veena Skin Care,", West Hollywood, CA, 90046",5.0,+18188362147
Nancy Norris,", Los Angeles, CA, 90045",5.0,+13104228302
Bella Diosa,"2239 E Garvey Ave N, West Covina, CA, 91791",4.5,+19092767693
Younique Cosmetic Surgery and Med Spa,"1551 Ocean Ave, Santa Monica, CA, 90401",4.5,+13104340044
The Sacred Glo,"3516 N Highland Ave, Manhattan Beach, CA, 90266",5.0,+13235610175
Mermaidlicious,"8000 Sunset Blvd, West Hollywood, CA, 90046",5.0,+18187487708
Skin Body Lounge Med Spa,"12755 Ventura Blvd, Studio City, CA, 91604",4.5,+18187602200
The Skin Gallery,"1777 N Bellflower Blvd, Long Beach, CA, 90815",4.5,+15626071489
Diane Lipson at Studio Skin Spa,"18089 Lake Encino Dr, Encino, CA, 91316",5.0,+13104039023
Headline Aesthetics,"6316 N Topanga Canyon Blvd, Woodland Hills, CA, 91367",5.0,+18185385343
Dallas Port,"623 S. Catalina Ave, Redondo Beach, CA, 90277",5.0,+13107757720
Ronit Falevitch Exclusive Skin Care,"414 N Camden Dr, Beverly Hills, CA, 90210",5.0,+13105088047
Bradley Beauty,"136 S Barrington Pl, Los Angeles, CA, 90049",5.0,+13233639682
KAO Aesthetics,"900 Wilshire Blvd, Santa Monica, CA, 90401",4.5,+13103153022
Kelly Lash,"12416 Santa Monica Blvd, Los Angeles, CA, 90025",5.0,+13109908128
Skin Connection,"6645 Sausalito Ave, West Hills, CA, 91307",5.0,+18185165820
BrowZing LA,"10131 Riverside Dr, Toluca Lake, CA, 91602",5.0,+18186913888
Pure Skin Solutions,"13117 Philadelphia St, Whittier, CA, 90601",5.0,+15629087546
Soft Glow Med Spa,"2173 Lomita Blvd, Lomita, CA, 90717",5.0,+13107917400
Lunadermspa,"19800 Hawthorne Blvd, Torrance, CA, 90503",5.0,+14242879673
Clear Medical,"4560 Admiralty Way, Marina del Rey, CA, 90292",4.5,+13103067100
Alamo Hills Advanced Aesthetics and Laser Center,"2876 Sycamore Dr, Simi Valley, CA, 93065",4.5,+18055273711
Shea Aesthetics,"9735 Wilshire Blvd, Beverly Hills, CA, 90210",5.0,+13109750852
Spade Skin Care & More,"1611 S Catalina Ave, Redondo Beach, CA, 90277",4.5,+13103161954
Vermont Med Spa,"354 S Vermont Ave, Los Angeles, CA, 90020",4.5,+12133353542
Beverly Hills Rejuvenation Center - Los Angeles,"1856 S Sepulveda Blvd, Los Angeles, CA, 90025",4.0,+13104735800
"Eman Abdallah, DO - Emana Medical","435 N Bedford Dr, Beverly Hills, CA, 90210",5.0,+13108784321
The Loft Hair Lounge,"5112 Townsend Ave, Los Angeles, CA, 90041",4.5,+13232582840
Skin By Winnie,"300 E Colorado Blvd, Pasadena, CA, 91101",5.0,
Aesthetic MdR,"13160 Mindanao Way, Marina del Rey, CA, 90292",5.0,+13105742103
Lilia Shvarts Aesthetics & Ink,"8731 La Tijera Blvd, Los Angeles, CA, 90045",5.0,+13109488823
Healing Touch By Tasha,", Los Angeles, CA, 90035",5.0,+13105043831
Brows of Beverly Hills,"8383 Wilshire Blvd, Beverly Hills, CA, 90211",5.0,+13106665650
Spa La Rêve,"6316 N Topanga Blvd, Woodland Hills, CA, 91367",5.0,+18185858567
AR Salon,"1046 Hermosa Ave, Hermosa Beach, CA, 90254",4.5,+13103744896
Brows Lids Lashes,"9539 Flower St, Bellflower, CA, 90706",5.0,+15623790030
Tammy's Bungalow Spa,"2665 30th St, Santa Monica, CA, 90405",5.0,+13105715064
Elena Skelton,"3440 Lomita Blvd, Torrance, CA, 90505",4.5,+13107019691
Mersedeh Jeihooni Esthetician,"201S Lasky Dr, Beverly Hills, CA, 90212",5.0,+13107722866
JFSkincare,"3440 Lomita Blvd, Torrance, CA, 90505",5.0,+13102934991
Healing Therapy Spa,"12470 Washington Blvd, Whittier, CA, 90602",4.0,+15629452010
"Jason Emer, MD","9201 Sunset Blvd, West Hollywood, CA, 90069",4.0,+13106207855
Roma Essence Skin,"6749 Fallbrook Ave, West Hills, CA, 91307",4.5,+17472629451
Lilese Skin Care,"910 Via De La Paz, Pacific Palisades, CA, 90272",5.0,+13104597921
Holistic Wholebody,"190 West Town St, Norwich, CT, 06360",5.0,+13104039217
Mm Beauty,"16925 Bellflower Blvd, Bellflower, CA, 90706",4.5,
The Body Sculpting Studio,"12527 W Magnolia Blvd, Valley Village, CA, 91607",5.0,+18183364377
Fejjab Spa,"15030 Whittier Blvd, Whittier, CA, 90603",4.5,+15623516430
Rachel Moayer Skin,"6355 Topanga Canyon, Woodland Hls, CA, 91367",5.0,+18186458770
Mia Belle Skin,"9615 Brighton Way, Beverly Hills, CA, 90210",4.5,
Laser Image Company,"1728 S Catalina Ave, Redondo Beach, CA, 90277",5.0,+13105439073
Laser Creations,"1350 E Los Angeles Ave, Simi Valley, CA, 93065",4.0,+18055273723
"Luis Macias, MD, FACS","13160 Mindanao Way, Marina Del Rey, CA, 90292",5.0,+13105742103
Abbracci Med Spa & Boutique,"1717 S Catalina Ave, Redondo Beach, CA, 90277",4.5,+13103750717
Skin Therapy by Shay,"5865 E Naples Plz, Long Beach, CA, 90803",4.0,+15623383398
MonRose Beauty,"432 Main St, El Segundo, CA, 90245",4.0,+13105082143
Arlene Beauty,"3516 Highland Ave, Manhattan Beach, CA, 90266",5.0,+17025252754
The Southern Cottage Spa,"845 Vía De La Paz, Pacific Palisades, CA, 90272",5.0,+14242729469
InjectAbility Clinic,"2223 Torrance Blvd, Torrance, CA, 90501",4.5,+13108968027
Heavens Beauty Lounge,"5226 Laurel Canyon Blvd, Valley Village, CA, 91607",4.5,+18184520461
Yuliya Skin Care,"12645 Oxnard St, Los Angeles, CA, 91606",5.0,+18183076526
Eye Makeovers,"315 The Village, Redondo Beach, CA, 90277",5.0,+13104020041
Le Beauty Bar,"2611 W La Habra Blvd, La Habra, CA, 90631",4.5,+15627063558
American Skin Institute,"4836 Van Nuys Blvd, Sherman Oaks, CA, 91403",4.0,+18189077546
iBrow Art Studio,"31244 Palos Verdes Dr W, Rancho Palos Verdes, CA, 90275",5.0,+13102287575
Marcus Medical Spa,"1815 Via El Prado, Redondo Beach, CA, 90277",4.5,+13103161400
Healing Beauty,"17873 Beach Blvd, Huntington Beach, CA, 92648",5.0,+16237605612
New Skin And Body Aesthetics,"4980 Barranca Pkwy, Irvine, CA, 92604",5.0,+19492167755
GoodSkin LA,", Los Angeles, CA, 91604",4.0,+14242912560
Melissa Samuels,"427 S Marengo Ave, Pasadena, CA, 91101",5.0,+16268404696
Kelly Reynolds Organic & Corrective Skincare,"15415 Sunset Blvd, Pacific Palisades, CA, 90272",5.0,+13109627303
Beauty By Tifini Skin + Brow Bar,"16111 Bolsa Chica St, Huntington Beach, CA, 92649",5.0,+17142446160
Lasky Clinic,"201 S Lasky Dr, Beverly Hills, CA, 90212",5.0,+13102774572
"Robert Nettles, MD","2026 Broadway, Santa Monica, CA, 90404",4.0,+13106014778
QNLDIT,"7220 Beverly Blvd, Los Angeles, CA, 90036",4.5,+12133404029
Dermix Medical Aesthetics Group,"5170 Sepulveda Blvd, Sherman Oaks, CA, 91403",4.0,+18183186985
Blue Medi Spa,"14622 Ventura Blvd, Sherman Oaks, CA, 91403",4.5,+18187833600
Faces By Noelle Kirsten,"19501 Ventura Blvd, Tarzana, CA, 91356",5.0,+13106230313
Setiba Medical Spa,"101 N Westlake Blvd, Westlake Village, CA, 91362",4.5,+18057030000
Hermosa Nail,"950 Aviation Blvd, Hermosa Beach, CA, 90254",4.5,+13103726715
Master Lash By Charity,"1615 Montana Ave, Santa Monica, CA, 90403",5.0,+13107178222
Beauty Scout LA,"21021 Ventura Blvd, Woodland Hills, CA, 91364",5.0,+18186139865
Absolut Artistry,"5229 Lankershim Blvd, Los Angeles, CA, 91601",4.5,+18182556052
King Esthetics,"17849 Beach Blvd, Huntington Beach, CA, 92647",5.0,+17144998902
Simoni Plastic Surgery,"421 N Rodeo Dr, Beverly Hills, CA, 90210",4.5,+13103601360
Alisa's Skin Care,"7862 Warner Ave, Huntington Beach, CA, 92647",5.0,+17608324741
Aesthetica Medical Spa,"3730 Pacific Coast Hwy, Torrance, CA, 90505",4.5,+13103166700
SkinSpa & Company,"2201 E Willow Ave, Signal Hill, CA, 90755",4.5,+15624271025
"Robert Seltzer, MD","960 E Green St, Pasadena, CA, 91106",4.5,+16264493830
Lashmi,"28422 Constellation Rd, Valencia, CA, 91355",4.5,+16617149110
Giselle Soto Brows,"7813 Melrose Ave, Los Angeles, CA, 90046",5.0,+13105921959
Fahi's Skin and Wax Bar,"15235 Sunset Blvd, Pacific Palisades, CA, 90272",4.0,+13104543222
GoodFolk Hair & Skin,"1250 Pacific Coast Hwy, Seal Beach, CA, 90740",5.0,+15624309932
Metamorphosis Medical Center,"8081 Stanton Ave, Buena Park, CA, 90620",4.5,+17144848000
Chayil Maison,"512 West 7th St, Los Angeles, CA, 90014",4.5,+12136275300
Stacy Kaine on Main,"432 Main St, El Segundo, CA, 90245",4.5,+13103567563
Tru Skin Rituals,"474 E 17th St, Costa Mesa, CA, 92627",5.0,+17149064356
Alladerm,"26711 Aliso Creek Rd, Aliso Viejo, CA, 92656",4.5,+19499167166
Trilogy Spa,"451 Manhattan Beach Blvd, Manhattan Beach, CA, 90266",4.0,+13107600044
Skinpurfect,"18537 Main St, Huntington Beach, CA, 92648",5.0,+15629723406
RJ Clinical Institute,"23263 Madero, Mission Viejo, CA, 92691",5.0,+19492882688
