Name,Location,Rating,Contact
Wall Street Botox NYC,"115 Broadway, New York, NY, 10006",5.0,+12122332919
Advanced Skin Care Day Spa,"200 W 57th St, New York, NY, 10019",5.0,+12127588867
KUR Skin Lab,"875 3rd Ave, New York, NY, 10022",4.5,+12129510488
Brooklyn Herborium,"275 Columbia St, Brooklyn, NY, 11231",5.0,+13476894102
Clean Beauty Quyen,"240 Kent Ave, Brooklyn, NY, 11249",5.0,+13478858883
Good Face,"102 Broadway, Brooklyn, NY, 11249",4.5,+13479095027
ButterCup Skin Care,"303 5th Ave, New York, NY, 10016",4.5,+16464776216
KLARA Beauty Lab,"50 E 78th St, New York, NY, 10075",5.0,+12123900239
EC Beauty Studio and Spa,"80 River St, Hoboken, NJ, 07030",4.5,+12019190522
Upper West Spa,"187 Amsterdam Ave, New York, NY, 10023",5.0,+12127871696
New York Skin Solutions,"144-48 Roosevelt Ave., Queens, NY, 11354",4.5,+17188862455
Tailormade For You Skincare,"10-43 47th Ave, Long Island City, NY, 11101",5.0,+16463399726
Midori Beauty Spa,"352 7th Ave, New York, NY, 10001",5.0,+15168475159
Skin by Molly - Williamsburg,"102 S 6th St, Brooklyn, NY, 11249",4.5,+19179831818
Acne Clinic NYC,"108 W 39th St, New York, NY, 10018",4.5,+19294907770
Audrey's Skin Care,"70-74 Bowery St, New York, NY, 10013",4.5,+12122193370
Glamor Skin,"140 Broadway, New York, NY, 10005",5.0,+19292725500
Skin Laser Studios,"420 W 24th St, Manhattan, NY, 10011",4.5,+12122424777
Purely Natural Medical Spa,"135 N 9th St, Brooklyn, NY, 11249",4.5,+13475991364
Groom Laser and Skin Center,"216 E 39th St, New York, NY, 10016",5.0,+16463504540
Rejuvenate Face and Body,"29-10 23rd Ave, Astoria, NY, 11105",4.5,+17186264434
Fusion Spa,"420 W 24th St, New York, NY, 10011",5.0,+12128683308
Skincare by Le Bon Skin Lab,"787 Lexington Ave, New York, NY, 10065",4.5,+16468819288
Acne Institute - Aesthetics by Hannah,"347 Fifth Ave, New York, NY, 10016",4.5,+16465101197
Skin Spa New York - Fashion District,"302 W 37th St, New York, NY, 10018",4.0,+12126317705
Studio Esthetique Skin & Laser Center,"160 Broadway, New York, NY, 10038",5.0,+12126710606
Ohm Spa,"205 E 16th St, New York, NY, 10003",4.5,+12128459812
Iva's Skin Care,"3147 Steinway St, Long Island City, NY, 11103",5.0,+17186269529
Spa Catalina,"767 Lexington Ave, New York, NY, 10065",5.0,+12123710492
The Art of Beauty,"436 73rd St, North Bergen, NJ, 07047",5.0,+12017581166
Savor Beauty + Spa,"327 W 11th St, New York, NY, 10014",4.5,+12123042887
Heyday - UES,"1459 3rd Ave, New York, NY, 10028",4.5,+12127967795
Skin Spa New York - Soho,"495 Broadway, New York, NY, 10012",3.5,+12129251956
Trifecta Med Spa 57,"200 W 57th St, New York, NY, 10019",4.5,+12122474148
Skinney Medspa,"611 5th Ave, New York, NY, 10022",5.0,+12127546639
Alinea Medical Spa Acne Scar & Laser Skin Care NYC,"205 East 69th, New York, NY, 10021",5.0,+16464765791
Kim Laudati Skin Care,"30 E 68th St, New York, NY, 10065",4.0,+17324924040
Sulé Beauty and Med Spa,"500 East 77th St G/F, New York, NY, 10162",5.0,+19174441655
Celebritas Med Spa,"115 Broadway, New York, NY, 10006",5.0,+19179134005
Shannon Lee Esthetics,"115 Broadway, New York, NY, 10006",5.0,+15612358633
Tribeca MedSpa Flatiron,"139 5th Ave, New York, NY, 10010",5.0,+12129259500
Claudia Colombo Skincare and Wellness,"1133 Broadway, New York, NY, 10010",4.5,+19177502895
Simple Skin Spa,"72-09 Grand Ave, Maspeth, NY, 11378",4.5,+17186513200
MD Laser NYC,"30 E 40th St, New York, NY, 10016",5.0,+12126794088
Trifecta Med Spa Park Avenue,"30 E 60th St, New York, NY, 10022",5.0,+12127846093
Joanna Vargas Skin Care,"501 5th Ave, New York, NY, 10017",4.0,+12129492350
The Fountain of Youth Lounge,"203 Chrystie St, New York, NY, 10002",5.0,+16466093660
VMV Hypoallergenics,"123 Elizabeth St, New York, NY, 10013",4.5,+12122172762
Skin Solutions,"109-10 Queens Blvd, Forest Hills, NY, 11375",4.5,+17188976388
Vita Laser Medical Spa,"150-26 14th Ave, Whitestone, NY, 11357",5.0,+17183572300
Leah's Skin Care,"767 Lexington Ave, New York, NY, 10065",5.0,+12122301345
Tribeca Spa of Tranquility,"462 Greenwich St, New York, NY, 10013",3.5,+12122264141
Skin Spa New York - Flatiron / Chelsea,"55 W 21st St, New York, NY, 10010",3.5,+12126200033
Kristen Leigh Organic Skin Care,"9 E 68th St, New York, NY, 10065",5.0,+16464813239
Heyday - NoMad,"1130 Broadway, New York, NY, 10010",4.5,+16468693601
Youtherapy Medical,"238 E 77th St, New York, NY, 10075",4.5,+12122579873
Lavish,"470 7th Ave, New York, NY, 10018",5.0,+12126957546
Skin Spa New York - Midtown,"12 E 44th St, New York, NY, 10017",3.5,+12126844914
dr LASER,"181 7th Ave, New York, NY, 10011",5.0,+12124083229
Erase Spa,"358 7th Ave, New York, NY, 10001",4.5,+12123796558
Pratima Skincare,"110 Greene St, New York, NY, 10012",4.5,+12125818136
New Skin NYC,"72-15 Grand Ave, Maspeth, NY, 11378",5.0,+19296005300
JTAV Clinical Skin Care,"29 E 61st St, New York, NY, 10065",4.0,+12127551155
Xen Laser Aesthetics,"119 W 57th St, New York, NY, 10019",5.0,+19292282712
Lumena Aesthetics,"296 Bond St, Brooklyn, NY, 11231",4.5,+13478350047
Spark Laser Center,"119 W 57th St, New York, NY, 10019",4.5,+12122450940
Rescue Spa,"29 East 19th St, New York, NY, 10003",4.0,+18667722766
Age Management and Skin Care,"313 E 53rd St, New York, NY, 10022",4.5,+15512744424
Tribeca MedSpa,"114 Hudson St, New York, NY, 10013",4.0,+12129259500
Laser By Monica,"222 E 34th St, New York, NY, 10016",5.0,+16467012774
In GLO Med Spa,"104 W 14th St, New York, NY, 10011",4.0,+12126478919
Skin Bar,"20 E 46th St, New York, NY, 10017",4.0,+12128891175
Edgewater Med Spa,"1200 Avenue At Port Imperial, Weehawken, NJ, 07086",4.5,+12013138899
BeautyWorks NYC,"800A 5th Ave, New York, NY, 10065",5.0,+12127377503
Park Avenue Skin Solutions,"116 Chambers St, New York, NY, 10007",3.5,+12124170002
Skinney Medspa,"37 W 57th St, New York, NY, 10019",5.0,+12123711200
Uplift Spa,"208 E 116th St, New York, NY, 10029",5.0,+16469522084
Smooth Synergy,"139 East 57th St, New York, NY, 10022",4.0,+12123970111
"Genevieve Vielbig, RN, BSN, CANS","11 Howard St, New York, NY, 10013",5.0,+16464673322
Trifecta Med Spa Downtown,"115 Broadway, New York, NY, 10006",4.0,+12126004112
Hillery Sklar,"141 S 5th St, Brooklyn, NY, 11211",5.0,+19178343438
N4 Med Spa + Salon,"47 N 4th St, Brooklyn, NY, 11249",4.5,+17182464772
Ling Skin Care -Union Square,"12 E 16th St, New York, NY, 10003",4.0,+12129898833
Anume Med Spa,"1 Journal Square Plz, Jersey City, NJ, 07306",5.0,+12012163030
Gemvie Medispa,"24 E 36th St, New York, NY, 10016",4.0,+12124478494
DAPHNE,"375 Broome St, New York, NY, 10013",5.0,+13473828807
Heyday - Tribeca,"92 Reade St, New York, NY, 10013",4.0,+16469227576
Noctua Diem Recovery Spa,"1820 Grove St, Ridgewood, NY, 11385",5.0,+19293979070
Sandra Velandia,"107-06 71 Rd, Forest Hills, NY, 11375",4.5,+17184873400
Maris Dusan,"629 Park Ave, New York, NY, 10065",4.5,+12128791313
Skin Spa New York - UES / E 60th St,"108 E 60th St, New York, NY, 10022",3.5,+12124862110
Pulse Laser & Skincare Center,"274 Madison Ave, New York, NY, 10016",4.5,+12128021439
Ingleton Dermatology,"14 E 4th St, New York, NY, 10012",4.0,+12126737100
Skintology by Dr Jennifer Walden,"157 E 57th St, New York, NY, 10022",4.0,+12128322225
Mario Badescu Skin Care,"320 E 52nd St, New York, NY, 10022",3.5,+12122233728
Russak Dermatology Clinic & Russak+ Aesthetic Center,"115 E 57th St, New York, NY, 10022",4.5,+16468737546
Dermaluxe Laser Spa,"10-11 49th Ave, Queens, NY, 11101",4.5,+17187864620
SkinCareLab Spa,"568 Broadway, New York, NY, 10012",3.5,+12123343142
JLJ MedSpa,"115 East 57th St, New York, NY, 10023",5.0,+19145896288
Skincare and Wellness,"1105 Cypress Ave., Ridgewood, NY, 11385",5.0,+13474572388
Love Your Body NY,"86 Brighton 1st Pl, Brooklyn, NY, 11235",5.0,+13476738567
Entiere Dermatology,"29 W 17th St, New York, NY, 10011",5.0,+19175221825
Nuansa Spa,"605 Fifth Ave, New York, NY, 10017",5.0,+12126021500
Laure Seguin Wellness,"153 W 27th St, New York, NY, 10001",5.0,+17184963612
Medi Pedi NYC,"20 Park Ave, New York, NY, 10016",4.5,+16462001909
Duo Dental / Laser Spa,"69-02 Austin St, Forest Hills, NY, 11375",5.0,+17182614747
EGA Medical,"201 E 69th St, New York, NY, 10021",4.5,+12123271428
Passion Aesthetics NYC,"184 E 70th St, New York, NY, 10021",5.0,+19175940796
Alchemy Holistics,"1006 Manhattan Ave, Brooklyn, NY, 11222",5.0,+13478271985
Resurrection Skin Care,"30 E 60th, New York, NY, 10022",4.0,+19173716776
Anand Medical Spa,"635 Madison Ave, New York, NY, 10022",4.5,+12126530366
Integrative Wellness NY,"26 Court St, Brooklyn, NY, 11201",4.5,+17182224888
Bare & Pure,"315 5th Ave (32nd Street), New York, NY, 10016",5.0,+19173880715
NYC Massage and Spa,"22 W 48th St, New York, NY, 10036",5.0,+12127291479
Studio Britta,"147 Spring St, New York, NY, 10012",5.0,+16464765089
Lamar Esthetic Center,"3753 91st St, Jackson Heights, NY, 11372",5.0,+17182053355
Perfect Silhouette Spa,"45-05 Francis Lewis Blvd, Flushing, NY, 11361",5.0,+17182241565
New Skin Esthetics,"7910B 13th Ave, Brooklyn, NY, 11228",4.5,+17188337728
Beam Laser Spa,"244 W 54th St, New York, NY, 10019",5.0,+12122452577
Lavish,"230 East 83rd St, New York, NY, 10028",5.0,+16468384154
GlamDerm,"130 E 18th St, New York, NY, 10003",4.5,+12126740004
"The Skyn Boutique, A Cosmetic Treatment Center","274 Madison Ave, New York, NY, 10016",4.5,+12124638919
Harmonie Ultime Laser and Medical Rejuvenation,"2769 Coney Island Ave, Brooklyn, NY, 11235",5.0,+15164485816
Studio 17 Cosmetics & Wellness,"601 9th St, Hoboken, NJ, 07030",5.0,+12013014344
Alda Laser Spa,"1326 Elm Ave, Brooklyn, NY, 11230",5.0,+17189750727
Washington Square Dermatology- Samer Jaber MD and Susanna Franks,"18 Washington Square N, New York, NY, 10011",4.5,+12122561075
Berry Blonde Spa,"767 Lexington Ave, New York, NY, 10065",4.5,+19174467720
Artisans Aesthetic Services,"466 Bay Ridge Ave, New York, NY, 11220",5.0,+17184912003
"Anita Dormer, MD","205 East 68th St, New York, NY, 10065",4.5,+12125355905
CiCi Beauty Spa,"234 Canal St, New York, NY, 10013",4.0,+12126803526
Permanent Beauty by Andrea,"162 West 56th St, New York, NY, 10019",5.0,+16469359353
Sung MD Aesthetic Plastic Surgery,"65 Broadway, New York, NY, 10006",4.5,+12124522800
Milady Medical Spa,"1616 Sheepshead Bay Rd, Brooklyn, NY, 11235",4.5,+13479460606
Spring Street Dermatology,"95 Chambers St, New York, NY, 10007",4.0,+12124314749
Opulence Glamour Skin Clinic,"146 Diamond St, Brooklyn, NY, 11222",5.0,+12129207192
Sculpt Cosmedics,"701 Avenue U, Brooklyn, NY, 11223",5.0,+17189989898
Spring Street Dermatology,"73 Spring St, New York, NY, 10012",4.0,+12124314749
Perfect57 MedSpa,"5 East 57th St, New York, NY, 10022",4.5,+12129010656
Beyond Beautiful Aesthetics,"501 Fifth Ave, New York, NY, 10017",5.0,+18886684618
WW Medspa & Laser Center - Nyc Queens Flushing,"42-35 Main St, Flushing, NY, 11355",5.0,+17184456000
Le clinique NYC,"37 W 26 St, New York, NY, 10010",5.0,+13472516704
Cynergy Spa,"87 Fort Greene Pl, Brooklyn, NY, 11217",4.5,+17184039242
Brisabella Spa,"134 West 26th St, New York, NY, 10001",5.0,+12126349096
Les Mains,"506 Amsterdam Ave, New York, NY, 10024",4.0,+16463352932
Eyelash Fairies,"41 Union Square W, New York, NY, 10003",5.0,+12129204668
Face and Body By Runchana,"10 W 56th St, New York, NY, 10019",5.0,+19292267838
Vanessa Marc Spa,"31 W 26th St, New York, NY, 10010",4.0,+13479793030
Remedi Day Spa,"4906 Arthur Kill Rd, Staten Island, NY, 10309",4.0,+17186057900
Bared Monkey Laser Spa - Penn Station,"38 W 32nd St, New York, NY, 10001",5.0,+12122569777
Flash Lab Laser Suite,"635 Madison Ave, New York, NY, 10022",5.0,+16469985277
Spa Society,"500 Ave At Port Imperial, Weehawken, NJ, 07086",4.5,+12014308741
Season Spa,"165 Hester St, New York, NY, 10013",4.0,+12129667416
The Renew Anti-Aging Center,"109 E 73rd St, New York, NY, 10021",5.0,+12124521012
Chelsea Skin and Laser,"245 W 19th St, New York, NY, 10011",4.5,+12126750549
Attain Medspa,"720 Monroe St, Hoboken, NJ, 07030",4.5,+17327787630
Genesys Laser,"32 W 32nd St, New York, NY, 10001",4.5,+12125647003
Downtown Medspa,"115 Christopher Columbus Dr, Jersey City, NJ, 07302",4.0,+12012213083
Infinity Laser Spa,"866 Avenue Of The Americas, New York, NY, 10001",4.5,+13477919600
Glam Glow Med Spa,"90-15 Jamaica Ave, Woodhaven, NY, 11421",4.5,+17188057701
Beautiforever Aesthetic Laser New Center,"8 Catherine St, New York, NY, 10038",4.5,+12124313891
Clear Laser Skin Clinic,"1640 Schlosser St, Fort Lee, NJ, 07024",4.5,+12019440808
NOY Skincare,"315 Madison Ave, New York, NY, 10017",4.5,+12126821105
Silhouette MD,"1041 Third Ave, New York, NY, 10065",5.0,+12127218200
BeautyFix Med Spa - Upper East Side,"112 E 61st St, New York, NY, 10065",4.5,+12123628528
ann + sofia beauty concept,"12 W 27th St, New York, NY, 10001",4.5,+19179008600
NJ Cosmetic & Aesthetic Medi Spa,"19 E 27th St, Bayonne, NJ, 07002",4.5,+12014552796
Sothys Spa,"37 W 57th St, New York, NY, 10019",4.0,+12126889400
Skinney Medspa,"125 5th Ave, New York, NY, 10003",4.0,+12127546639
Cool Confidence,"635 Madison Ave, New York, NY, 10022",5.0,+13477272665
"Aurora DeJuliis, MD European Medical Spa","8 Hillside Ave, Montclair, NJ, 07042",5.0,+19733386300
Christine Chin Spa,"82 Orchard St, New York, NY, 10002",3.5,+12123530503
Maria Morvay Hungarian Skin Care,"34 E 67th St, New York, NY, 10065",3.5,+12125853773
Glowbar,"147 Duane St, New York, NY, 10013",4.5,+19172614300
Light Touch Laser Spa,"1133 Broadway, New York, NY, 10010",5.0,+16469267202
Manhattan Medspa,"112 E 23rd St, New York, NY, 10010",4.5,+12127491000
Belle Fée,"529 W 42nd St, New York, NY, 10036",5.0,+19176745955
Pink Sands Airbrush Tan and Spa,"30 E 60th St., New York, NY, 10022",4.5,+12125880111
Skin Solutions Dermatology,"7 W 24th St, New York, NY, 10010",3.5,+16465590843
Angel Skin,"1250 Hylan Blvd, Staten Island, NY, 10305",4.5,+17188157546
The Wellpath,"554 5th Ave, New York, NY, 10036",4.5,+12127379604
Monica Spa and Nails,"92-14 71st Ave, Forest Hills, NY, 11375",5.0,+17182684233
Health + Beauty,"289 7th Ave, New York, NY, 10001",5.0,+13477621693
SkinTight Medspa,"1041 3rd Ave, New York, NY, 10065",4.5,+12124521235
Petals Laser Lounge,"62 William St, New York, NY, 10005",5.0,+12123635555
Kalypso Organic & Medi Spa,"29-29 Newton Ave, Astoria, NY, 11102",4.5,+19293693029
MedAesthetique,"165 West End Ave, New York, NY, 10023",4.0,+12122569697
Elizabeth's Skin Care,"110-56 Queens Blvd, Forest Hills, NY, 11375",4.0,+17185200911
Ever/Body,"453 West Broadway, New York, NY, 10012",4.5,+12123808130
Cynthia Aesthetics,"4502 Ave N, Brooklyn, NY, 11234",5.0,+16468189602
The Kor MediSpa,"87-16 Avon St, Jamaica, NY, 11432",4.5,+17188500064
Manhattan Aesthetics,"36 E 36th St, New York, NY, 10016",4.5,+12129608172
Lenox Hill Laser Esthetic,"210 E 68th St, New York, NY, 10065",4.5,+12124728872
Ariana Day Spa,"811 Broadway, Bayonne, NJ, 07002",4.0,+12014378118
Step Up Skin Laser,"433 5th Ave, New York, NY, 10016",4.5,+16466418862
Rachel MedSpa,"206 E 73rd St, New York, NY, 10021",4.5,+17183800023
"Dermatology, Laser & Surgery of Flatiron","928 Broadway, New York, NY, 10010",4.0,+12129828229
Puresthetique Holistic & Laser,"347 5th Ave, New York, NY, 10016",4.5,+12123020038
Marmur Medical,"12 E 87th St, New York, NY, 10128",4.0,+12129966900
Amber Medical Spa,"232 Sherman Ave, New York, NY, 10034",4.0,+12125440135
LM Medical NYC,"33 Fifth Ave, New York, NY, 10003",4.5,+12127772272
"City Derm NYC: Catherine Ding, MD","99 Lafayette St, New York, NY, 10013",3.5,+16462572653
Cosmed Laser Spa,"894 6th Ave, New York, NY, 10001",4.0,+18005601165
Studio Esthetique,"2600 Netherland Ave, Bronx, NY, 10463",5.0,+17185435050
L.RAPHAEL at Four Seasons Hotel,"57 E 57th St, New York, NY, 10022",3.5,+12123506420
Skin Spa New York - Midwest / W 57th St,"119 W 57th St, New York, NY, 10019",3.5,+12127078730
Spa Jolie,"180 7th Ave S, New York, NY, 10014",3.5,+12122291389
Glo Spa NY,"75 Maiden Ln, New York, NY, 10038",5.0,+12122209092
Satori Laser - Financial District,"2 Cortlandt St, New York, NY, 10007",5.0,+12123440777
Zuri's Petite Spa,"108 S Portland Ave, Brooklyn, NY, 11217",3.5,+17186244149
The Wild Kind Beauty,"20 Grand Ave, Brooklyn, NY, 11205",5.0,+13478152525
Diamond Touch,"469 7th Ave, New York, NY, 10018",5.0,+16468964274
NKD NYC,"200 W 57th St, New York, NY, 10019",4.5,+12122560113
Rejuve Face & Body Spa,"264 Sherman Ave, New York, NY, 10034",4.0,+19172615991
Art of Natural Beauty Center by Khrom Dermatology & Aesthetics,"239 Court St, Brooklyn, NY, 11201",3.5,+17185212912
Laser-Esthetics,"330 E 85th St, New York, NY, 10028",4.5,+12122491462
Borod Spa,"221 Central Ave, White Plains, NY, 10606",4.5,+19148319090
Orchid Aesthetics Medical Spa,"57 W 57th St, New York, NY, 10019",4.0,+13476968463
Aesthetic Allure Laser & Skin Center,"2084 Homecrest Ave, Brooklyn, NY, 11229",4.5,+17183823333
Radiance Medical Spa,"825 Bloomfield Ave, Verona, NJ, 07044",5.0,+19738575637
Intentions & Touch,"1540 Van Siclen Ave, Brooklyn, NY, 11239",5.0,+13476005582
Medspa 44,"144 E 44th St, New York, NY, 10017",4.0,+12123084990
North Shore Medical Spa,"1 Hollow Ln, Lake Success, NY, 11042",5.0,+15164415110
Unique Beauty Spa,"6903 8th Ave, Brooklyn, NY, 11228",4.5,+13475573330
Manhattan Laser Spa,"56 E 34th St, New York, NY, 10016",4.0,+12123342470
Medispa Solutions,"39 Bolivar St, Staten Island, NY, 10314",5.0,+19174505427
Skin Station - Forest Avenue,"771 Forest Ave, Staten Island, NY, 10310",4.5,+17184429828
Gloria Cabrera Salon and Spa,"309 E 23rd St, New York, NY, 10010",4.0,+12126896815
great jones spa,"29 Great Jones St, New York, NY, 10012",3.0,+12125053185
Revitalize Cryo & Wellness,"1637 Palisade Ave, Fort Lee, NJ, 07024",5.0,+12019472194
"Z. Paul Lorenc, M.D, F.A.C.S","983 Park Ave, New York, NY, 10028",4.5,+12124722900
Yasmine Djerradine Institut de Beaute,"1112 Park Ave, New York, NY, 10128",4.5,+12125881771
Laser & Mohs Dermatology of New York,"130 W 42nd St, New York, NY, 10036",4.5,+12123918600
Go Green Organic Spa & Shop,"80-82 Bowery, New York, NY, 10002",4.0,+12129663898
Nirit Reani NYC Spa,"214 W 92nd St, New York, NY, 10025",4.5,+19178066616
Oak Point Health & Vitality Centre,"23-92 23rd St, Astoria, NY, 11105",5.0,+17187770620
Green Zen Organic Spa,"40 W 38th St, New York, NY, 10018",3.5,+12127298570
Ecobeautica Wellness Center,"2158 Ocean Ave, Brooklyn, NY, 11229",4.5,+17183829200
Orentreich Medical Group,"909 5th Ave, New York, NY, 10021",4.0,+12127940800
Cane + Austin Medi Spa,"120 E 64th St, New York, NY, 10065",3.5,+12129880888
skinMDny,"853 Fifth Ave, New York, NY, 10065",1.0,+12127723220
Dr WW Med Spa & Laser Center,"85-16 Queens Blvd, Elmhurst, NY, 11373",3.5,+17184570707
Le Salon Day Spa,"145 E 72nd St, New York, NY, 10021",4.0,+12128615109
IMD Beauty Spa,"224 5th Ave, New York, NY, 10001",4.5,+12129517035
Dr WW Med Spa & Laser Center,"414 E 59th St, New York, NY, 10022",4.0,+12129350707
Lavenvelle Spa,"135 West 29th St, New York, NY, 10001",4.5,+12129291119
Vala MedSpa,"330 W 42nd St, New York, NY, 10036",5.0,+12128328252
Trifecta Med Spa Long Island,"1453 Broadway, Hewlett, NY, 11557",4.0,+15167920800
MDCS: Medical Dermatology & Cosmetic Surgery Centers,"820 2nd Ave, New York, NY, 10017",3.5,+12126613376
Park Slope Dermatology & Medi Spa,"456 A 9th St, Brooklyn, NY, 11215",3.0,+17189651116
Geria Dermatology,"75 Orient Way, Rutherford, NJ, 07070",4.5,+12016238000
Viva Medi Spa,"1046 South Orange Ave, Short Hills, NJ, 07078",5.0,+19733792127
Infinite Beauty,"1031 3rd Ave, New York, NY, 10065",4.0,+18888700192
Casa de Munecas Spa,"517 B 53rd St, Sunset Park, NY, 11220",4.0,+16468123649
Central Park Laser,"372 Central Park W, New York, NY, 10025",4.0,+16463891497
Beautiology Studio & Spa,"72E Old Country Rd, Mineola, NY, 11501",5.0,+15167144949
Jing Beauty & Spa,"13357 Roosevelt Ave, Flushing, NY, 11354",4.0,+17189399339
Hoboken Wellness Spa,"450 7th St, Hoboken, NJ, 07030",4.5,+12016838989
Neinstein Plastic Surgery,"135 E 74th St, New York, NY, 10021",5.0,+12122490949
Skinova Medspa,"28 W 44th St, New York, NY, 10036",5.0,+12123393993
Beauty Plus Aesthetics,"353 Lexington Ave, New York, NY, 10016",3.0,+12123716097
Satori Laser - Union Square,"133 W 14th St, New York, NY, 10011",5.0,+12122552588
Yana Herbal Beauty Salon,"180 Lafayette Street, New York, NY, 10013",3.0,+12122546200
Urban Spa New York,"253 5th Ave, New York, NY, 10016",4.0,+16467073825
SoloPerTe Skin Care,"70 Outwater Ln, GARFIELD, NJ, 07026",5.0,+19738458803
Laser Bar & Spa,"1270 Broadway, New York, NY, 10001",4.5,+16463867562
Ascend Medical & Wellness Spa,"82-62 Austin St, Kew Gardens, NY, 11415",4.0,+17188464601
Didoria Medspa,"3993 Richmond Ave, Staten Island, NY, 10312",4.0,+17183176252
Spa Rockaway,"112-20 Beach Channel Dr, Rockaway Park, NY, 11694",5.0,+17183188840
SmarterSkin Dermatology,"225 Broadway, New York, NY, 10007",4.0,+12122258444
XU Natural Facial Rejuvenation Center,"850 7th Ave, New York, NY, 10019",4.5,+12125818088
The Dermatology & Laser Group,"200 W 57th St, New York, NY, 10019",4.5,+12124448204
Fabulous Touch Spa & Wellness Center,"2799 Coney Island Ave, Brooklyn, NY, 11235",4.5,+17187584393
Heaven-E Specialty Beauty Spa,"126 Lafayette St, New York, NY, 10013",4.0,+12129664288
The Finery,"381 Park Ave S, New York, NY, 10016",4.5,+18572844800
Be Bare Laser Center,"59 E 79th St, New York, NY, 10075",5.0,+12122571383
Anna Laser Cosmetology & Laser Hair Removal,"500 Foster Ave, Brooklyn, NY, 11230",4.0,+17188532426
Queen's MediSpa & Laser Clinic,"39-15 Union St, Queens, NY, 11354",3.5,+17188866300
Oasys Day Spa,"225 Valley Blvd, Wood-Ridge, NJ, 07075",4.5,+12017284212
Esman Esthetic & Spa Studio,"132 - 27A 41st Ave CF, Flushing, NY, 11355",5.0,+19293173178
re-nu Rejuvenation & Wellness,"77-11A 37th Ave, Jackson Heights, NY, 11372",5.0,+17183960200
BioSkin Laser,"52 East 72nd St, New York, NY, 10021",3.5,+12129889188
HBWNY,"127 E 56th St, New York, NY, 10022",4.0,+12124214806
Body Factory Skin Care,"472 Ave Of Americas, Manhattan, NY, 10011",3.5,+12122555655
Hoboken Med Spa,"254 First St, Hoboken, NJ, 07030",4.0,+12013138899
BodyBrite - Bayside,"34-38 Bell Blvd, Bayside, NY, 11361",4.5,+17187668020
Union Square Laser Dermatology,"19 Union Sq W, Manhattan, NY, 10003",3.5,+12123665400
Area  Spa,"281 Smith St, Brooklyn, NY, 11231",4.0,+17186243157
Rejuvenation NYC,"333 W 52nd St, New York, NY, 10019",4.5,+12122650500
Nouvelle Vie Med Spa,"1502 E 14th St, Brooklyn, NY, 11230",4.0,+13475095772
Tribeca Skin Center,"315 Church St, New York, NY, 10013",3.0,+12123343774
Body Sculpt Studio,"609 West 207th St, New York, NY, 10034",5.0,+19144334316
Apothecarie New York,"1275 43rd St, Brooklyn, NY, 11219",3.5,+17186977570
Angel Touch-Medi Spa,"76 Battery Ave, Bay Ridge, NY, 11228",5.0,+17183143558
Pura Dermatology,"446 W 38th St, New York, NY, 10018",4.0,+16467067747
The Facial Station,"767 Lexington Ave, New York, NY, 10065",5.0,+16462904343
Le Pavillon Garries,"2544 Frederick Douglass Blvd, New York, NY, 10030",4.0,+12122343859
SPACIO SANU,"1801 Amethyst St, Bronx, NY, 10462",5.0,+17186845554
LaserAway,"143 Duane St, New York, NY, 10013",4.5,+12123158529
"Debra Jaliman, MD","931 5th Ave, New York, NY, 10021",3.0,+12125178855
Smooth Generation Skin Spa & Laser,"577 Plandome Rd, Manhasset, NY, 11030",4.5,+15164415333
Enhance Aesthetic Arts,"44 Gramercy Park N, New York, NY, 10010",4.5,+18772082882
MediFace Spa,"70-25 Yellowstone Blvd, Forest Hills, NY, 11375",4.0,+17187933937
Soma Spa,"12 W 27th St, New York, NY, 10001",3.0,+13479793030
"Cybele Fishman, MD","111 Broadway, New York, NY, 10006",3.5,+12123754019
Radiance SkinCare,"850-12 Bronx River Rd, Bronxville, NY, 10708",5.0,+19146640666
Laser and Organic Spa,"415 Ave P, Brooklyn, NY, 11223",4.5,+13474471823
Body by Brooklyn,"275 Park Ave, Brooklyn, NY, 11205",3.0,+17189239400
Center Aesthetic & Dermatology,"37 Union Sq W, New York, NY, 10003",5.0,+12124333344
Park Slope Laser Aesthetic Center,"480 5th Ave Corner Of 11th St, Brooklyn, NY, 11215",4.5,+17183690019
"Sherry Shieh, MD","928 Broadway, New York, NY, 10010",4.5,+12129828229
Clear Clinic,"21 W 19th St, New York, NY, 10011",3.5,+12128283000
El Noel Eco-Center for Integrative Wellness,"525 Clinton Ave, Brooklyn, NY, 11238",5.0,+17186198983
Peach & Fox,"767 Lexington Ave, New York, NY, 10065",5.0,+19173020321
American Beauty and Health,"97-25 64th Ave, Rego Park, NY, 11374",5.0,+17188976605
Rio Brazil Waxing,"105 W 55th St, New York, NY, 10019",5.0,+12122020993
Mila's Spa,"2158 Ocean Ave, Brooklyn, NY, 11229",4.0,+16462877372
Satori Laser - Lexington Ave,"143 E 57th St, New York, NY, 10022",5.0,+12125744898
Omage Medispa,"936 Willis Ave, Albertson, NY, 11507",5.0,+15167913150
Schweiger Dermatology – Financial District,"65 Broadway, New York, NY, 10006",4.0,+16466653634
Dolce Aesthetics,"161-02 Cross Bay Blvd, Queens, NY, 11414",4.5,+17183225300
Sculpsure NYC + Coolsculpting MedSpa,"157 E 57th St, New York, NY, 10022",4.0,+12129896555
Manhattan Laser Spa,"7802 3rd Ave, Brooklyn, NY, 11209",4.5,+17184495939
Plump Cosmetics & Injectables,"210 East 60th St, New York, NY, 10022",5.0,+16463468809
Tracie Martyn,"101 5th Ave, New York, NY, 10003",3.5,+12122069333
Greenwich Medical Spa,"1132 Wilmot Rd, Scarsdale, NY, 10583",5.0,+19147226869
Beyond Beauty Boutique,"669 Lexington Ave, New York, NY, 10022",3.5,+16466660541
Sobel Skin,"960 A Park Ave, New York, NY, 10028",3.5,+12122880060
NY Face Place,"134 Mineola Blvd, Mineola, NY, 11501",5.0,+15162949454
Lenox Laser & Esthetics,"337 Lenox Ave, New York, NY, 10027",4.5,+16468542424
"Jody A Levine, MD FAAD FAAP","35A E 84th St, New York, NY, 10028",4.0,+12129881550
Dr WW Med Spa & Laser Center,"139 Centre St, New York, NY, 10013",3.0,+17184570707
Face To Face NYC,"20 W 20th St, New York, NY, 10011",4.5,+12126330404
Body Factory Skin Care,"726 9th Ave, New York, NY, 10019",4.5,+12122555655
Radiant Skin and Laser Center,"27 S Park Ave, Rockville Centre, NY, 11570",5.0,+15165940151
Radiance Aesthetics & Wellness,"635 Madison Ave, New York, NY, 10022",4.0,+12127525745
"Lynn Wojton, RN for Center Aesthetic","37 Union Square W, New York, NY, 10003",4.5,+12124333344
Full Moon Spa,"31-85 42nd St, Astoria, NY, 11103",3.5,+13473933247
Beauty Obsession Salon Spa,"360 Neptune Ave, Brooklyn, NY, 11235",4.0,+17189753773
Ease MedSpa + Wellness,"133 E 54th St, New York, NY, 10022",3.5,+12126258966
Eternal Medspa,"825 Riverview Dr, Totowa, NJ, 07512",5.0,+19732408952
EGA Medical,"1885 Palmer Ave, Larchmont, NY, 10538",5.0,+19142004027
SkinProLogica,"226 5th Ave, New York, NY, 10001",4.0,+13474756522
Treatment by Lanshin,"129 Roebling St, Brooklyn, NY, 11211",5.0,+17183884788
Jumatic & ISkin,"383 5th Ave, New York, NY, 10016",3.0,+13475320346
Skinly Aesthetics,"157 E 64th, New York, NY, 10065",4.5,+12127744264
Skin Specialty Dermatology,"150 E 58th St, New York, NY, 10155",2.5,+19735712121
Eureka Body Care and Spa,"37 E 28th St, New York, NY, 10016",4.0,+12128580706
New You Laser,"45 W 46th St, New York, NY, 10036",4.5,+12125823500
Tribeca Park Dermatology,"32 Ericsson Pl, New York, NY, 10013",3.5,+12123749750
Allure Plastic Surgery,"1424 Richmond Ave, Staten Island, NY, 10314",4.5,+17184772020
Cohen Plastic Surgery,"560 Northern Blvd, Great Neck Plaza, NY, 11021",5.0,+15167734200
Madison Life Balance Wellness Clinic,"13 E 37 St, New York, NY, 10016",2.5,+16467077273
"Stephen T. Greenberg, MD","45 E 72nd St, New York, NY, 10021",4.5,+12123194999
Faina European Day Spa,"330 W 58th St, New York, NY, 10019",3.0,+12122456557
"Theodore Diktaban, MD, FACS","635 Madison Ave, New York, NY, 10022",4.0,+16465686983
Skinfluence,"1047 Park Ave, New York, NY, 10028",4.0,+12127546363
Body Balance,"20 Hudson Pl, Hoboken, NJ, 07030",4.5,+12014207277
Emma Massage,"315 E 12th St, New York, NY, 10003",5.0,+19178049595
Chic Massage Diva Spa,"1129 Kennedy Blvd, North Bergen, NJ, 07047",4.0,+12016530750
Nu Glo Skin & Laser Spa,"120 W Park Ave, Long Beach, NY, 11561",4.5,+15163748456
Integrative Wellness & Aesthetics,"2080 State Route 35, Holmdel, NJ, 07733",5.0,+17328585770
Beautiful Skin & Beautiful Brows by Donna,"551 Port Washington Blvd, Port Washington, NY, 11050",5.0,+15165266402
Downtown City Spa,"139 Fulton St, New York, NY, 10038",2.5,+12125877157
Schweiger Dermatology Group - Flatiron,"21 W 19th St, New York, NY, 10010",3.5,+16466653632
Oxy Bella,"469 7th Ave, Manhattan, NY, 10018",4.5,+19179298580
Cheng King Wellness Spa,"479 78th St, Brooklyn, NY, 11209",4.5,+13474974714
Genesys Laser,"163-28 Northern Blvd, Flushing, NY, 11358",4.0,+17183217002
Dolce Aesthetics,"81-03 Myrtle Ave, Glendale, NY, 11385",4.5,+17183652369
A Spa Above,"1557 Victory Blvd, Staten Island, NY, 10314",3.5,+17185561200
Juvly Aesthetics,"18 East 41st St, New York, NY, 10017",4.0,+18002540188
BeautyFix MedSpa,"18 W 23rd St, New York, NY, 10010",3.5,+12123664787
Liwei Beauty,"90 Bowery St, New York, NY, 10013",4.0,+19176393900
Bare Bliss Plus,"107-12 Crossbay Blvd, Ozone Park, NY, 11417",4.5,+19175883734
Satori Laser - 34th St Penn Station,"45 W 34th St, New York, NY, 10001",4.5,+12122550008
Hideaway Spa & Lounge Wall Street,"108 Greenwich St, New York, NY, 10006",4.5,+16469129912
Serenity Laser Spa,"93-30 Queens Blvd, Queens, NY, 11374",4.0,+13474385086
Floating Lotus,"39 W 56th St, New York, NY, 10019",4.5,+12126000220
Brooklyn Laser Tattoo Removal,"2615 E 16th St, Brooklyn, NY, 11235",5.0,+16465726392
Everlasting Haven Spa and Wellness Studio,"227 S Ave W, Westfield, NJ, 07090",5.0,+19083705235
Dr. Naida Medical Spa,"30-16 30th Dr, New York, NY, 11102",3.5,+17185450003
Simply Skin Laser Medispa,"880 Mile Square Rd, Yonkers, NY, 10704",4.5,+19143746914
The Dermatology Specialists - South Street Seaport,"220 Front St, New York, NY, 10038",2.5,+12123853700
Brow Threading and Facial by Lala,"2 Mercer St, Lodi, NJ, 07644",5.0,
Lek Spa,"811 7th Ave, New York, NY, 10065",3.0,+16465430119
Coolspa,"905 5th Ave, New York, NY, 10021",4.5,+12125352665
New Look New Life Surgical Arts,"551 5th Ave, New York, NY, 10176",4.5,+16465592854
"Melissa Chan, MD","70 Bowery, New York, NY, 10013",3.0,+12128474934
Voila Skin Spa,"352 7th Ave, New York, NY, 10001",3.0,+16466062339
MiracleFace MedSpa,"211 E 43rd St, New York, NY, 10017",4.0,+12129207790
Love Beauty Spa,"85-14 Queens Blvd, Elmhurst, NY, 11373",3.5,+17188988514
Laser Now,"303 5th Ave, Manhattan, New York, NY, 10016",4.0,+15163820398
Lasertouch Aesthetics,"150 Spring St, New York, NY, 10012",4.0,+12122191990
Queens Laser and Electrolysis Hair Removal,"87-08 Justice Ave, Elmhurst, NY, 11373",4.5,+17185071921
Lumiere Spa,"224 W 35th St, New York, NY, 10001",4.0,+16464766609
"Jon B Turk, MD","800A 5th Ave, New York, NY, 10065",4.5,+12124214845
LJ Aesthetics Mobile Spa,"2130 Adam Clayton Powell, Manhattan, NY, 10027",4.0,+19177280810
SHEER Aesthetics,"300 Hempstead Tpke, West Hempstead, NY, 11552",5.0,+15162260532
Vitality Wellness and Beauty Clinic,"3000 Ocean Pkwy, Brooklyn, NY, 11235",3.0,+16467077273
Slim Up NYC,"265 W 37th St, New York, NY, 10018",3.5,+19174751444
Satori Laser - Grand Central,"315 Madison Ave, New York, NY, 10165",5.0,+12122268910
Laser Fit,"194-18 Northern Blvd, Queens, NY, 11358",3.5,+17182250369
Greenway Spa,"78 S 6th St, Brooklyn, NY, 11249",4.5,+16468019772
"Andreas Boker, MD","130 W 42nd St, New York, NY, 10036",4.5,+12123918600
Celestial Space MediSpa LLC,"17 James St, Bloomfield, NJ, 07102",4.5,+19737988894
J'Aime European Waxing & Skincare,"35 E 35th St, New York, NY, 10016",4.5,+12126841166
Revital Spa,"3117 Steinway St, Queens, NY, 11103",3.5,+19179439759
Great Neck Medical Spa,"770 Middle Neck Rd, Great Neck, NY, 11024",4.0,+15164395075
Brooklyn Women's Beauty,"8303 5th Ave, Brooklyn, NY, 11209",5.0,+17188393302
Body Sculpting By Cris,"2 W 45th St, New York, NY, 10036",5.0,+13474191507
Medical Weight Loss,"37-20 76th St, Jackson Heights, NY, 11372",5.0,+13473057766
MJ Treatment Spa & Wellness,"3000 Bronx Park E, Bronx, NY, 10467",4.5,+13479741055
Schweiger Dermatology - Midtown,"110 E 55th St, New York, NY, 10022",3.5,+16466653631
Harmony Day Spa,"10 Brookside Ave, Caldwell, NJ, 07006",5.0,+19732263232
VSPOT,"741 Madison Ave, New York, NY, 10028",4.0,+12129881387
Grace's Day Spa,"582 Leonard St, Brooklyn, NY, 11222",3.5,+13478827478
DLK Day Spa,"168 W 86th St, New York, NY, 10024",3.5,+12125801622
Deify Laser + Beauty Lounge,"134 W 23rd St, New York, NY, 10011",4.0,+16463627109
"Adam Mauer, MD","36 W 44th St, New York, NY, 10036",4.5,+15167391504
Yin Yang Bodywork,"303 5th Ave, New York, NY, 10016",4.0,+16469264228
LaserAway,"1430 2nd Ave, New York, NY, 10021",4.5,+12123891163
Plump Cosmetics & Injectables,"224 West 18th St, New York, NY, 10011",4.5,+16463468809
Lia Schorr Skin Care,"57 W 57th St, New York, NY, 10019",2.0,+12124869670
New York Dermatology Group,"119 5th Ave, New York, NY, 10003",3.0,+12125338888
Montclair Rejuvenation Center,"1 Mt Prospect Ave, Verona, NJ, 07044",4.5,+19732185677
Cecilia Wong Skincare Salon,"224 5th Ave, New York, NY, 10001",3.0,+12122138520
Najia's Skincare & Laser Center,"157 Mamaroneck Ave, Mamaroneck, NY, 10543",4.5,+19146301118
Slim Herbal Spa,"39 W 32nd St, New York, NY, 10001",4.0,+16146839203
The Silhouette House,"335 Union Blvd, Totowa, NJ, 07512",5.0,+18622571888
Shiseido Flushing Group,"39-16 Prince St, Flushing, NY, 11354",4.0,+17189392300
Fountain Of Youth Rx,"54 S Dean St, Englewood, NJ, 07631",4.0,+12018714000
Skinplicity,"386 Franklin Ave, Wyckoff, NJ, 07481",5.0,+12018477727
Northern Center For Plastic Surgery,"700 E Palisade Ave, Englewood Cliffs, NJ, 07632",5.0,+12018205280
Velvet Effect Lasers,"62-85 Woodhaven Blvd, Rego Park, NY, 11374",4.0,+17185052737
Nicole Frontera Beauty,"10402 Rockaway Beach Blvd, Rockaway Park, NY, 11694",4.5,+17189451100
Hand & Stone Massage and Facial Spa,"193 East 22nd St, Bayonne, NJ, 07002",4.0,+12012854220
Aura Laser & Skin Rejuvenation Center,"14-14 Clintonville St, Whitestone, NY, 11357",4.0,+17187670200
Truth + Beauty Spa,"250 S Service Rd, Roslyn Heights, NY, 11577",4.0,+15166257000
Glow Labs,"561 Willow Ave, Cedarhurst, NY, 11516",5.0,+13474173883
Studio 57 Skin & Body Care,"57 W 57th St, New York, NY, 10019",4.0,+12127586383
K-Town Sauna,"22 W 32nd St, New York, NY, 10001",3.0,+12122169090
The Couple Spa,"320 East 65th St, New York, NY, 10065",4.5,+19173629084
DaeSpa,"3257 Long Beach Rd, Oceanside, NY, 11572",5.0,+16073237727
SRS Dermatology,"11 Irving Pl, Woodmere, NY, 11598",4.0,+15162955570
The Face and Body Shop,"40-21 23rd Ave, Astoria, NY, 11105",4.0,+17182049390
Sugey Spa,"479 Franklin Ave, Nutley, NJ, 07110",4.5,+12016288262
Wellness Med Art,"116-16 Queens Blvd, Forest Hills, NY, 11375",4.5,+17188726465
Shobha - Madison,"595 Madison Ave, New York, NY, 10022",4.0,+12122232872
Tosh Hair Supreme,"1550 Lemoine Ave, Fort Lee, NJ, 07024",5.0,+12014613637
New Look Body Shape Art,"3167 Coney Island Ave, Brooklyn, NY, 11235",3.5,+13475874789
Lavish,"470 7th Ave, New York, NY, 10018",3.0,+12126957546
Goldman Dermatology,"150 Broadway, New York, NY, 10038",4.0,+12129621115
Sedora Spa,"2 Grant St, Tuckahoe, NY, 10707",4.0,+19149028087
Dyanna Spa & Waxing Center,"42 E 21st St, New York, NY, 10010",3.5,+12129952355
Trinity Nails And Spa,"126 University Pl, New York, NY, 10003",3.0,+12122559304
Enhancing Beauty,"30E 60th St, Manhattan, NY, 10022",5.0,+19177409511
Central Park Beauty,"200 W 57th St, New York, NY, 10019",4.0,+12122462063
Face + Body By Dorit Baxter,"204 E 60th St, New York, NY, 10022",3.5,+12123714542
Loto Health Spa,"3808 Junction Blvd, Corona, NY, 11368",5.0,+19173654117
MJ SkinCare,"45 Middle Neck Rd, Great Neck, NY, 11021",5.0,+15166504848
Vada Spa and Laser Center,"364 6th Ave., New York, NY, 10011",3.5,+12122061572
Yin Beauty & Arts Spa,"103 W 86th St, New York, NY, 10024",2.5,+12123622626
Advanced Derma Laser,"422 Madison Ave, New York, NY, 10017",4.0,+12122232235
"Laurie J Polis, MD","197 Grand St, New York, NY, 10013",3.5,+12124311600
ZZ Day Spa,"5 W 35th St, New York, NY, 10001",4.0,+12129041552
Paradise Salon & Spa Suites,"164 N Central Ave, Valley Stream, NY, 11580",5.0,+15163417200
"Marco Antonio Pelosi, MD - Pelosi Medical Center","350 Kennedy Blvd, Bayonne, NJ, 07002",2.5,+12014367839
"A. Joshua Zimm M.D, PC","956 5th Ave, New York, NY, 10021",5.0,+12123274600
European Laser Spa,"66-71 Selfridge St, Forest Hills, NY, 11375",3.5,+17182610930
Element Natural Healing Arts,"518 Henry St, Brooklyn, NY, 11231",4.5,+17188554850
TQ spa plus,"37 W 26th St, New York, NY, 10010",3.5,+12124602563
CryoEmpire,"377 Fifth Ave, New York, NY, 10016",4.5,+12123816095
Every Woman Wellness,"1375 Broadway, New York, NY, 10018",3.0,+12123024399
Energy Zone Wellness Center,"700 Palisadium Dr, Cliffside Park, NJ, 07010",4.5,+12012240224
"Dennis Gross Dermatology, LLC","900 5th Ave, New York, NY, 10021",3.0,+12127254555
Arch Angels NYC,"635 Madison Ave, New York, NY, 10022",5.0,+12129139612
MY Skin Care & Electrolysis,"588 Eagle Rock Ave, West Orange, NJ, 07052",4.0,+19733253434
A Natural Image,"203 Bellevue Ave, Upper Montclair, NJ, 07043",5.0,+19737837743
MoSa Spa,"8413 13th Ave, Brooklyn, NY, 11228",4.5,+13474974232
Anna Avaliani MD Cosmetic & Laser Surgery,"30 E 60th St, New York, NY, 10022",4.0,+12126738888
Azure Skin Care and Laser Center,"345 E 9th St, Manhattan, NY, 10003",2.5,+12126732041
Jannha Medispa,"950 State Rte 35, Middletown, NJ, 07748",5.0,+17325335473
The Beauty Spa,"363 Grand Ave, Englewood, NJ, 07631",4.0,+12015676020
MessLook Hair & Spa,"104 Bowery St, New York, NY, 10013",4.0,+12122267826
BioSkin Laser,"105 E37th St, New York, NY, 10016",1.5,+12126961900
JUVA Skin & Laser Center,"60 E 56th St, New York, NY, 10022",2.5,+12126885882
Bodylogic Spa,"323 Magnolia Blvd, Long Beach, NY, 11561",5.0,+15165003030
Baire Hair Removal Specialists,"503 West 51st St, New York, NY, 10019",4.0,+16464623235
CryoVigor,"2 West 46th St, New York, NY, 10036",5.0,+12129207440
"Brett Kotlus, MD","20 E 66th St, New York, NY, 10065",5.0,+12128821011
"Steven Pearlman, MD","110 E 60th St, New York, NY, 10022",4.5,+12122238300
Dolce Aesthetics,"8721 3rd Ave, Brooklyn, NY, 11209",4.5,+17187453941
Rose Dermatology,"30-16 30th Dr, Astoria, NY, 11102",4.0,+17187283376
LaserAway,"147 Amsterdam Ave, New York, NY, 10023",3.5,+12123010659
Renew Esthetics MediSPA,"2271 26th St, Astoria, NY, 11105",4.0,+17182040458
Radiant Skin Dermatology and Laser,"116 Central Park S, New York, NY, 10019",2.0,+12122290007
Shobha - SoHo,"594 Broadway, New York, NY, 10012",4.0,+12129318363
Elite Body Sculpture - New York,"4 W 58th St, New York, NY, 10019",4.5,+12123557980
Olga Florez Spa,"150 Grand St, White Plains, NY, 10601",4.0,+19149481989
Kamila's Skin Care,"219A E89 St, New York, NY, 10128",4.0,+12127221959
Angel's Aromatic Massage,"240 East Shore Rd, Great Neck, NY, 11023",5.0,+16465984445
Opulent Aesthetics,"311 North St, White Plains, NY, 10605",5.0,+19176020514
KG Divine Spiritual Spa,"530 High Mountain Rd, North Haledon, NJ, 07508",5.0,+19733041046
LaserTouch Aesthetics,"57 W 57th St, New York, NY, 10019",3.5,+12123550800
Forever Medspa & Wellness Center,"468 Paterson Ave, East Rutherford, NJ, 07073",4.0,+12013404809
Body So Perfect NY,"28-18 31st St, Astoria, NY, 11102",4.5,+17185718045
Carl Clarke Aesthetiques,"32-12 Broadway, Astoria, NY, 11106",3.5,+13476310922
The Vein Treatment Center,"327 East 65th St, New York, NY, 10065",4.0,+12122496117
Bare Body Laser Spa,"400E 56th St, New York, NY, 10022",3.5,+12123891313
"Nina S. Naidu, MD FACS - NYC Plastic Surgeon","1021 Park Ave, New York, NY, 10028",4.5,+12124521230
Sigal's Wellness Center,"2701 Ocean Ave, Brooklyn, NY, 11229",3.5,+17183362818
Eastside Massage Therapy,"351 E 78th St, New York, NY, 10075",4.0,+12122492927
"Richard Swift, MD","110 E 87th St, New York, NY, 10128",4.5,+12128289906
LaserAway,"35 E 19th St, New York, NY, 10003",4.0,+12123900992
Avenue Laser and Skincare + Eyelash Extensions,"515 Madison Ave, New York, NY, 10022",4.5,+12122231600
Pro Skincare & Day Spa,"2 W 46th St, New York, NY, 10036",3.5,+12128698869
NYNJ Medical Group,"1033 Rt 46 E, Clifton, NJ, 07013",4.0,+19734723937
Dao Nature Center Spa,"129 E 47th St, New York, NY, 10017",4.5,+12123172720
De Jolie Skin Spa,"391 B Piaget Ave, Clifton, NJ, 07011",3.5,+19739552558
Wexler Dermatology Group,"145 E 32nd St, New York, NY, 10016",4.0,+12126842626
ESFIRsalon - Laser Hair Removal & Waxing,"303 5th Ave, New York, NY, 10016",4.5,+12126853300
Ideal Image Queens,"23-01 Queens Plaza North, Long Island City, NY, 11101",4.0,+17184339500
Doft Plastic Surgery,"755 Park Ave, New York, NY, 10065",5.0,+12126004109
"Michael F Kerin, MD - Kerin MedSpa & Laser Center","115 Main St, Tuckahoe, NY, 10707",5.0,+19147930996
Studio Esthetique,"470 Mamaroneck Ave, White Plains, NY, 10605",5.0,+18888505225
Aesthetica MedSpa,"2 Sears Dr, Paramus, NJ, 07652",5.0,+12014821419
OMNI Aesthetic MD,"5 W 19th St, New York, NY, 10011",3.5,+12122570007
"Scherl Dermatology - Scherl Sharon, MD","140 Sylvan Ave, Englewood Cliffs, NJ, 07632",3.5,+12015845253
Jeunesse Medical Spa,"733 N Beers St, Holmdel, NJ, 07733",3.5,+17327393033
Gotham Beauty Lounge,"6 E 39th St, New York, NY, 10016",3.5,+12129212002
Katica Body Contour,"464 North Ave, Elizabeth, NJ, 07208",4.0,+19084694399
The Beauty Toolbox Laser & Skincare,"388 Tarrytown Rd, White Plains, NY, 10607",5.0,+19145397166
Medical Laser & Skin Rejuvenation Center,"2 NJ-27,, Edison, NJ, 08820",4.5,+17324850840
Sadick Dermatology,"911 Park Ave, New York, NY, 10075",3.0,+12127727242
Broadway Rejuvenation Center,"1501 Broadway, New York, NY, 10036",3.5,+12128405803
Just Melt,"30 E 40th St, Manhattan, NY, 10016",2.5,+12124471155
Cuteticles Nail & Spa,"410 Central Ave, Jersey City, NJ, 07307",4.0,+19088992883
"Robert A Moraru, MD","111 Broadway, New York, NY, 10006",3.5,+12127322777
REVIV - New York,"1140 Brodway, New York, NY, 10001",4.5,+12124708557
Facials By Tami,"2970 Vauxhall Rd, Vauxhall, NJ, 07088",4.0,+19083775334
Cariangel's,"455 Central Park Ave, Scarsdale, NY, 10583",4.5,+19143370777
The Enhancers,"2076 E 13th St, Brooklyn, NY, 11229",4.0,+18772082882
"Elizabeth Roche, MD","577 Chestnut Ridge Rd, Woodcliff Lake, NJ, 07677",4.5,+12015051020
Laura's Beauty Touch,"97-20 66th Ave, Rego Park, NY, 11374",3.5,+17188419919
"Julie Kupersmith, MD PC","77 Quaker Ridge Rd, New Rochelle, NY, 10804",5.0,+19142355171
Electrolysis Hair Removal and Facial Skin Care Spa,"109 N Ridge St, Rye Brook, NY, 10573",5.0,+19149379396
Lash Friends,"17 Hilliard Ave, Edgewater, NJ, 07020",5.0,+12016990234
New York Laser & Aesthetics Group,"1025 Northern Blvd, Roslyn, NY, 11576",4.5,+15166277777
"Joseph A. Eviatar, MD, FACS","5 West 19th St, New York, NY, 10011",4.0,+12122570007
Slope Wellness,"816 8th Ave, Brooklyn, NY, 11215",4.5,+17184150738
Vanguard Dermatology,"111 Broadway, New York, NY, 10006",2.5,+12123981288
Optimum Laser,"1180 Northern Blvd, Manhasset, NY, 11030",4.5,+15164954908
Clean Slate Laser Tattoo Removal - Manhattan,"270 W 36th St, New York, NY, 10018",5.0,+19149497943
Flirt Spa and Brow Bar,"1693 Northern Blvd, Manhasset, NY, 11030",4.5,+15164720918
Mestiza Laser Clinic,"36-04 30th Ave, Astoria, NY, 11103",4.5,+17186971234
Total Body Clinic,"516 Hamburg Tpke, Wayne, NJ, 07470",4.5,+19732502145
The Woodhouse Day Spa - Montclair,"56 S Park St, Montclair, NJ, 07042",3.5,+19735098488
Advanced Esthetics By SkinProNicole,"2 Blue Hill Plz, Pearl River, NY, 10965",4.5,+18454055009
Vanguard Dermatology,"715 Manhattan Ave, Brooklyn, NY, 11222",2.5,+12123981288
Body Works Day Spa,"58 Covert Ave, Stewart Manor, NY, 11530",4.0,+15164885573
Verve Medical Cosmetics,"240 E 60th St, New York, NY, 10022",3.0,+12128883003
Natalia's Natural Way,"1761 E 12th St, Brooklyn, NY, 11229",4.0,+17183768331
JLJ Medical Spa,"271 Main St, Eastchester, NY, 10709",3.0,+19145896288
Sunny Relaxing spa,"367 E 62nd St, New York, NY, 10065",3.5,+12122233621
A Touch of Wellbeing,"356 Bloomfield Ave, Caldwell, NJ, 07006",5.0,+19732284289
Venus & Venom Medispa,"135 E Erie St, Blauvelt, NY, 10913",5.0,+18453651500
Smooth Aesthetics By Maria Dovale,"173 Mineola Blvd, Mineola, NY, 11501",5.0,+15163986970
Skinbasically,"623 River Rd, Fair Haven, NJ, 07704",4.5,+17326042031
Ruzica de Falica Day Spa and Laser Center,"330 E 76th St, New York, NY, 10021",3.0,+12127940331
Aglow Dermatology,"853 Broadway, New York, NY, 10003",2.0,+12126271004
The Breslow Center,"1 W Ridgewood Ave, Paramus, NJ, 07652",4.5,+12014449522
Luminesse Laser,"4056 Amboy Rd, Staten Island, NY, 10308",4.5,+13476822482
Ravinder's Day Spa,"367 1st St, Hoboken, NJ, 07030",1.5,+12012220124
"Robert M. Schwarcz, MD, FACS","135 E 71st St, New York, NY, 10021",3.5,+12123964400
Juvanni Med Spa,"1086 N Broadway, Yonkers, NY, 10701",5.0,+19143686609
Flawless Illusion Spa,", Laurelton, NY, 11413",4.0,+19297323367
Lily's Day Spa,"215 Ave U, Brooklyn, NY, 11223",4.0,+19293335888
City Acupuncture Fulton Street,"139 Fulton St, New York, NY, 10038",4.0,+12125130437
"Rebecca Kleinerman, MD","132 East 76th St, New York, NY, 10021",5.0,+12125705777
Marysol’s Beauty Works,"982 Stuyvesant Ave, Union, NJ, 07083",4.5,+19086249699
Dr WW Medspa & Laser Center,"849 57th St, Brooklyn, NY, 11220",3.5,+17184848800
"Leslie Gerstman, MD","149 E 62nd St, New York, NY, 10065",4.0,+12129663991
Blue Water Spa,"21 W Main St, Oyster Bay, NY, 11771",4.5,+15165846800
Satori Laser - Upper East Side,"332 E 86th St, New York, NY, 10028",5.0,+16462593366
SEV Laser,"120 Central Park S, New York, NY, 10019",4.0,+12122454085
Graceful Services,"1097 2nd Ave, New York, NY, 10022",3.5,+16463794201
Skinbasically,"1 Bethany Rd, Hazlet, NJ, 07730",5.0,+17326042031
The Whole You Spa,"3765 Riverdale Ave, Bronx, NY, 10463",3.0,+17188849900
BE Mind Body Skin,"3200 Sunset Ave, Ocean, NJ, 07712",5.0,+17324558118
Gloria Weight Loss Spa,"80-19 37th Ave, Jackson Heights, NY, 11372",3.5,+13474609502
Deep Blue Med Spa,"999 Franklin Ave, Garden City, NY, 11530",4.0,+15166651922
Heena's Beauty Salon And Spa,"3061 Steinway St, New York, NY, 11103",4.0,+17187211300
Andrea Laser Spa,"153-35 Cross Island Pkwy, Whitestone, NY, 11357",3.5,+19294993206
Times Square Laser Spa,"115 W 45th St, New York, NY, 10036",3.0,+16469645347
The Dermatology Specialists - Upper West Side,"135 W 70th St, New York, NY, 10023",2.0,+12123853700
Omega Medical,"123 Columbia Tpke, Florham Park, NJ, 07932",4.0,+19733097874
Somatic Massage Therapy,"113 Jericho Turnpike, Floral Park, NY, 11001",4.5,+15166869557
Roman K Salon,"253 5th Ave, New York, NY, 10016",4.5,+12129511137
Miss Laser,"32-51 Francis Lewis Blvd, Bayside, NY, 11358",5.0,+17186721700
Rejuvee,"3015 Riverdale Ave, Bronx, NY, 10463",1.0,+13479496948
Skin Care Center of NJ,"390 Old Hook Rd, Westwood, NJ, 07675",1.5,+12015949940
Nicholas Day Spa & Salon,"203 Wolfs Ln, Pelham, NY, 10803",4.0,+19147383838
The Skincare Suite by Alchemy Holistics,"950 NJ-36, Leonardo, NJ, 07737",5.0,+13478271985
Derma di Colore,"115 W 27th St, New York, NY, 10001",3.5,+12122436700
Jadwig European Skin Care,"420 Pompton Ave, Cedar Grove, NJ, 07009",4.0,+19732397070
Prasad Cosmetic Surgery & Medi-Spa,"61 E 66th St, New York, NY, 10065",2.5,+12122658877
The Fountain Spa,"10 Riverside Square Mall, Hackensack, NJ, 07601",3.0,+12013275155
"Jeanine B Downie, MD FAAD -  Image Dermatology PC","51 Park St, Montclair, NJ, 07042",3.0,+19735096900
Alessi Medical Spa,"8 Martine Ave, White Plains, NY, 10606",4.5,+19144496720
BodyBrite - Roslyn,"17 Lumber Rd, Roslyn, NY, 11576",5.0,+15166262639
Cangello Plastic Surgery,"30 E 60th St, New York, NY, 10022",4.0,+12126444416
Central Park Medical Practice,"134 W 58th St, New York, NY, 10019",2.5,+12129740490
SW3AT Sauna Studio,"172 Newark Ave, Jersey City, NJ, 07302",5.0,+12019840025
Brows Zone,"56 E 13th St, New York, NY, 10003",4.0,+12122549663
Salon Frasca & Day Spa,"265 Mountain Ave, Springfield, NJ, 07081",4.0,+19733766870
European Skin Care Center,"139 Fulton St, New York, NY, 10038",2.0,+12125877157
Tang Dynasty Spa,"322A W 47th St, New York, NY, 10036",3.5,+16466495067
Reflections: The Center for Cosmetic Medicine,"299 E Northfield Rd, Livingston, NJ, 07039",3.5,+19737402444
Enliven Body Works,"226 E 54th St, New York, NY, 10022",3.5,+12128139396
ANTHISI SkinCare Electrolysis Massage,"271 Essex St, Millburn, NJ, 07041",4.0,+19739219000
The Spa At Red Hots,"1500 Old Northern Blvd, Roslyn, NY, 11576",4.0,+15164848267
Amber Spa and Medical,"232 Sherman Ave, New York, NY, 10034",3.0,+16462021005
Jaidore Heavenly Spa,"1173 Broadway, Hewlett, NY, 11557",5.0,+15167583480
Relax Day Spa,"1874 Springfield Ave, Maplewood, NJ, 07040",4.0,+19733272629
Hasani Beaute,"2310 Arthur Ave, Bronx, NY, 10458",3.5,+13472675512
Starry Nail Spa,"163 Remsen St, Brooklyn, NY, 11201",3.5,+17185969696
Eunyoung Park Aesthetics,"41-25 Bell Blvd, Bayside, NY, 11361",4.5,+19293227441
"Javier Zelaya, MD","136 W 17th St, New York, NY, 10011",2.5,+13473057656
WOW Threading Studio,"205 E 26th St, New York, NY, 10010",3.5,+12122037092
BARE NY Laser Hair Removal & Aesthetica,"253-15 80th Ave, Floral Park, NY, 11004",4.5,+18446227369
Pearl Beauty SPA,"27 W 8th St, New York, NY, 10011",2.5,+12125332101
Young Forever Aesthetics,"255 Eastern Pkwy, Brooklyn, NY, 11238",4.0,+16464551464
NY Eden Spa,"304 East 49 St, New York, NY, 10017",4.0,+19174095958
Hair Toto Group,"193 Centre St, New York, NY, 10013",4.0,+12122264855
Omni Aesthetics,"169 Ramapo Valley Rd, Oakland, NJ, 07436",4.0,+12013683800
Advanced Cryo NYC,"456 Broadway, New York, NY, 10013",4.5,+16469984952
Deldor Day Spa,"32 Washington St, Tenafly, NJ, 07670",3.0,+12018161130
Laser Center by 7 Sky Spa,"305 W 28th St, New York, NY, 10001",3.0,+18662594877
Brooks Dermatology,"444 Community Dr, Manhasset, NY, 11030",4.0,+15164394707
Anara MedSpa & Cosmetic Laser Center,"1140 Stelton Rd, Piscataway, NJ, 08854",4.0,+17327779577
Body and Care Spa,"92-29 Queens Blvd, Rego Park, NY, 11374",3.0,+17185443900
Skin Laser & Surgery Specialists of NY and NJ - Hackensack,"20 Prospect Ave, Hackensack, NJ, 07601",2.5,+17323015467
Galaxy Beauty Spa,"244 E 14th St, New York, NY, 10003",4.0,+16463715293
SOMA Skin & Laser,"90 Millburn Ave, Millburn, NJ, 07041",3.0,+19737637546
Bella Fiore Med Spa,"2940 Lincoln Ave, Oceanside, NY, 11572",3.0,+18337723467
European Wax Center,"1577 1st Ave, New York, NY, 10028",4.0,+12122888088
European Wax Center,"389 Washington St, Jersey City, NJ, 07302",4.0,+12012396200
Candy Spa Eyebeauty,"264 Canal St, New York, NY, 10013",3.0,+12122198866
Zoraida’s Salon Spa,"32 North Main St, Port Chester, NY, 10573",5.0,+19147528282
Cosimia Medical Aesthetic Spa,"2188 Jericho Tpke, New Hyde Park, NY, 11040",3.0,+19173557789
Medi Spa W By Genesys,"1409 2nd Ave, Manhattan, NY, 10021",2.5,+12127721451
Prism Med Spa,"41 Main St, Roslyn, NY, 11576",3.0,+15162772293
Sacred Lotus Skincare & Holisitic Wellness,"39 W 32nd St, Manhattan, NY, 10001",2.5,+19174264008
Luzma Salon & Medi-Spa,"8109 Northern Blvd, New York, NY, 11372",3.5,+13475071450
"Elysium Aesthetics and Vein Care: David Singh, MD","1 Sears Dr, Paramus, NJ, 07652",4.5,+12012289580
Natural Beauty Spa,"4913 8th Ave, Brooklyn, NY, 11220",3.0,+17188538886
Frank J Scaccia MD,"70 E Front St, Red Bank, NJ, 07701",4.5,+17327475300
Wink Brow Bar - Brooklyn,"109 Smith St, Brooklyn, NY, 11201",3.5,+19292950633
Addison Street Spa,"9 Addison St, Larchmont, NY, 10538",4.0,+19148333223
Mt Everest 4th Nails and Spa,"68-27 Fresh Pond Rd, Ridgewood, NY, 11385",4.0,+13472277808
Yin's Beauty & Spa,"6804 20th Ave, Brooklyn, NY, 11204",3.5,+17182563581
Chinese Acupuncture & Massage Center,"1498 3rd Ave, New York, NY, 10028",4.0,+12122889588
Natural Medicine Center,"517 River Dr, Garfield, NJ, 07026",2.5,+19738831034
"Regen Acupuncture, PC","143-30 38th Ave, Flushing, NY, 11354",4.5,+17182853046
Royal Yun Wellness Spa,"41-78 Main St, Flushing, NY, 11355",4.0,+16467177363
NYC Rejuvenation Clinic,"30 E 60th St, New York, NY, 10022",3.0,+12122450070
Split Rock Aesthetic Institute,"116 Mason St, Greenwich, CT, 06830",5.0,+12038318029
Dermatology and Skin Cancer Center,"225 Route 35, Red Bank, NJ, 07701",4.5,+17327475500
Plastic Surgery Of Westchester,"500 Mamaroneck Ave, Harrison, NY, 10528",4.5,+19147717373
Ritu Saini,"345 E 37th St, New York, NY, 10016",2.0,+12128671020
Euro Laser Spa Services,"20 Purdy Ave, Rye, NY, 10580",4.5,+19149213265
Unique Threading Salon,"25 W 23rd St, New York, NY, 10010",4.5,+12127279977
Manhattan Skin & Laser Medspa,"635 Madison Ave, New York, NY, 10022",4.5,+12124989916
Spa Barlies's Nail Salon.,"30-97 31st St, Long Island City, NY, 11102",3.5,+17184892893
The Dermatology Specialists - Downtown Brooklyn,"440 Atlantic Ave, Brooklyn, NY, 11217",2.5,+17187975504
Blowout New York,"3182 E Tremont Ave, Bronx, NY, 10461",3.5,+19177959595
Sabon,"1371 6th Ave, New York City, NY, 10019",4.0,+12129747352
Staten Island Massage & Wellness,"1332 Forest Ave, Staten Island, NY, 10302",4.5,+17185561332
Didi's Paradise,"114 Broadway, Malverne, NY, 11565",3.5,+15168878900
Serenity Spa 79,"1397 3rd Ave, New York, NY, 10028",3.0,+12127349800
Spa Heaven,"57-20 Myrtle Ave, Ridgewood, NY, 11385",3.0,+17182108655
"Pedy Ganchi, MD- Village Plastic Surgery","75 Oak St, Ridgewood, NJ, 07450",4.5,+12014446646
"Derek Lee, MD","201 S Livingston Ave, Livingston, NJ, 07039",3.5,+19737169716
My Wellness Solutions - Harlem,"17 W 125th St, New York, NY, 10027",4.5,+12128821154
European Wax Center,"315 W 57th St, New York, NY, 10019",4.5,+16465533655
Marina Medispa,"1033 River Rd, Edgewater, NJ, 07020",2.5,+12013664434
American Laser Skincare,"57 W 58th St, New York, NY, 10019",2.5,+18772523965
Bellalaser,"701 86th St, Brooklyn, NY, 11228",3.5,+17182387982
"Adam Bodian, MD","11 Grace Ave, Great Neck, NY, 11021",3.5,+15164822882
Azure Day Spa & Laser Center,"26 W 20th St, New York, NY, 10011",2.0,+12125635365
Slim Herbal Weight Loss,"40-20 Main St, New York, NY, 11354",4.5,+16466839203
Two Fish Standing Chinese Health Salon,"648 9th Ave, New York, NY, 10036",3.5,+12129560831
Galleria Nail Salon,"520 E 11th St, New York, NY, 10009",4.0,+12123878490
Berlet Plastic Surgery,"908 Pompton Ave, Cedar Grove, NJ, 07009",5.0,+19738577757
Healing Oasis,"252 E Park Ave, Long Beach, NY, 11561",4.5,+15164315400
Plastic Surgery of Short Hills,"1046 S Orange Ave, Short Hills, NJ, 07078",3.5,+19733790101
Hot Stone Body & Facial Spa,"235 E 25st St, New York, NY, 10010",4.0,+12127256634
South Shore Cosmetic Surgeons,"36 Lincoln Ave, Rockville Ctr, NY, 11570",1.0,+15166784451
Meso Spa,"118 E 57th St, New York, NY, 10022",1.0,+12129472626
Da Noi on Fifth,"8214 5th Ave, Brooklyn, NY, 11209",4.0,+17184913000
QQ Body Work,"207 E 14th St, New York, NY, 10003",4.0,+12127809588
BareLuxury,"71 University Pl, New York, NY, 10003",3.5,+12129826900
"Daniels David, MD - The Daniels Group","33 Overlook Rd, Summit, NJ, 07901",5.0,+19085988222
Maksim Spa,"161 West 54th St, New York, NY, 10019",4.5,+12124149434
Dangene,"66 East 55th St, New York, NY, 10022",3.5,+12122498172
Suite Retreat,"124 E 40th St, Manhattan, NY, 10016",5.0,+12126618030
All Island Dermatology,"54 New Hyde Park Rd, Garden City, NY, 11530",2.5,+15162311097
Body Care NY,"92-29 Queens Blvd, Rego Park, NY, 11374",1.0,+17186408000
Glow Up Suite,"219 Harrison Ave, Harrison, NY, 10528",5.0,+19292838434
Vanguard Dermatology,"1847 Richmond Ave, Staten Island, NY, 10314",2.0,+12123981288
MY Facials & Microdermabrasion,"4-14 Saddle River Rd, Fair Lawn, NJ, 07410",4.5,+12014752228
Shape House - Upper East Side,"1316 Madison Ave, New York, NY, 10128",4.0,
Nirvana Wellness NYC,"366 2nd Ave, New York, NY, 10010",3.5,+12125333315
Salud Holistic SPA,"2458 Williamsbridge Rd, Bronx, NY, 10469",2.0,+17186551188
NU Image MedSpa,"165 E State Rt 4, Paramus, NJ, 07652",3.5,+12017120222
Mirza Aesthetics,", New York, NY, ",3.5,+19734937607
Allure Plastic Surgery,"150 E 61st St, New York, NY, 10065",4.0,+12126612563
European Wax Center,"30-19 Steinway St, Astoria, NY, 11103",4.0,+17186634626
Lana's Organic Day Spa,"649 Anderson Ave, Cliffside Park, NJ, 07010",3.0,+12013138655
Scarsdale Aesthetic Medicine,"2 Overhill Rd, Scarsdale, NY, 10583",3.0,+19147229440
LaserTouch Aesthetics,"100 Garden City Plz, Garden City, NY, 11530",4.5,+15165350035
Himalayan Eyebrow Threading Salon,"75 W 47th St, New York, NY, 10036",4.5,+12128400084
Nails Plus,"754 Franklin Ave, Franklin Lakes, NJ, 07417",4.0,+12018472400
Think Pink,"215 E Houston St, New York, NY, 10009",3.0,+12127778588
Why Not Men's Spa,"174-04 W 4th St, New York, NY, 10014",2.5,+12123378551
Art Gorgeous Esthetic,"4738 Broadway, New York, NY, 10040",3.0,+19175478534
Fluid Water Therapy,"22 E 21st St, New York, NY, 10010",5.0,+12128889116
XBody Health Wellness & Beauty,"87 Berdan Ave, Wayne, NJ, 07470",4.5,+19736929780
The Natural Alternative Center,"308 W 72nd St, New York, NY, 10023",2.0,+12125803333
Soft Touch Skin Solutions,"2467 Ocean Ave, Brooklyn, NY, 11229",2.5,+17183766240
Harmony Within Massage Therapy,"189 Kinderkamack Rd, Westwood, NJ, 07675",4.5,+12014975544
SPA45,"459 Lexington Ave, New York, NY, 10017",3.5,+12126630045
Bodian Dermatology and Medical Day Spa,"11 Grace Ave, Great Neck, NY, 11021",2.5,+15164822882
Pierre Michel Salon,"135 E 57th St, New York, NY, 10022",4.5,+12127559500
"Synergy Wellness and MediSpa, PC","280 Rte 35, Red Bank, NJ, 07701",4.0,+17322688324
Aydin Center For Plastic Surgery,"140 N Rt 17, Paramus, NJ, 07652",4.0,+12013450100
Park Avenue Aesthetic Surgery,"461 Park Ave S, New York, NY, 10016",3.5,+12124813939
K Beauty Studio,"38 W 32nd St, New York, NY, 10001",4.0,+19292043402
SPA 7,"474 7th Ave, New York, NY, 10001",4.0,+12126959717
LaVida Massage,"2955 Veterans Rd W, Staten Island, NY, 10309",4.0,+17183176800
European Wax Center,"42 Park Ave, Rutherford, NJ, 07070",4.5,+12019359299
Schweiger Dermatology Group - Livingston,"315 E Northfield Rd, Livingston, NJ, 07039",4.0,+19737360885
Shellie Goldstein Acupuncture,"928 Broadway, Manhattan, NY, 10010",3.0,+12123880800
Sleek Surgical & MedSpa,"800B 5th Ave, New York, NY, 10021",1.5,+18007533587
Hourglass  Diva Med Spa,"423 N Wood Ave, Linden, NJ, 07036",3.0,+19088789080
Laser Cosmetica,"57 W 57th St, Manhattan, NY, 10019",2.0,+18664074019
European Wax Center,"157-02 Cross Bay Blvd, Howard Beach, NY, 11414",4.0,+17186411288
Lexington Plastic Surgeons,"113 E 39th St, New York, NY, 10016",2.0,+18885719460
Weill Cornell Medicine - General Dermatology,"1305 York Ave, New York, NY, 10021",2.0,+16469623376
NaNa Nail,"49-18 Skillman Ave, Woodside, NY, 11377",3.0,+17182551249
Allure Plastic Surgery Center,"194 State Route 35, Red Bank, NJ, 07701",4.0,+17324831800
Medical Aesthetics Of Red Bank,"1 Harding Rd, Red Bank, NJ, 07701",2.0,+17325303733
"Hyun-Soo Lee, MD","4161 Kissena Blvd, Flushing, NY, 11355",1.5,+17188869000
Infinite Beauty,"125 Westchester Ave, White Plains, NY, 10601",3.5,+18887618153
Yihan Spa,"926 2nd Ave, New York, NY, 10022",4.5,+16468809999
Parker Center for Plastic Surgery: Paul M Parker MD,"122 E Ridgewood Ave, Paramus, NJ, 07652",3.0,+12019671212
Lucid Beauty & Wellness Spa Millburn,"313 Millburn Ave, Millburn, NJ, 07041",2.5,+19733151145
New Jersey Plastic Surgery,"29 Park St, Montclair, NJ, 07042",3.0,+19735092000
O Spa,"927 Franklin Ave, Garden City, NY, 11530",2.5,+15168771888
Beauty Mark Spa & Bridal Studio,"41 W Main St, East Islip, NY, 11730",4.0,+16318590003
Chillhouse LES,"149 Essex St, New York, NY, 10002",3.5,+16466783501
Nail By Young,"165 W 72nd St, New York, NY, 10023",4.0,+12128732473
Think Pink Nails,"41 W 58th St, New York, NY, 10019",3.0,+12123714141
Rejuvenate Center for Medical Aesthetics,"1340 State Route 34, Aberdeen, NJ, 07747",4.0,+17324444859
Oriental Day Spa,"211 Irving Ave, Port Chester, NY, 10573",4.0,+13477075501
Nisha Nails,"1220 Hamburg Tpke, Wayne, NJ, 07470",3.5,+19736943342
Yager Esthetics | Estética,"130 Fort Washington Ave, New York, NY, 10032",3.0,+12125431700
Mirza Aesthetics,"290 Madison Ave, New York, NY, 10017",2.5,+19734937607
Mirza Aesthetics -  Cedar Grove,"870 Pompton Ave, Cedar Grove, NJ, 07009",3.5,+19734937607
ChillRx Cryotherapy,"64 Broad St, Red Bank, NJ, 07701",5.0,+17329451320
Rachel R. Kushner Dermatology,"320 Franklin Ave, Franklin Square, NY, 11010",2.5,+15163286252
Westchester Aesthetic Center,"1055 Saw Mill River Rd, Ardsley, NY, 10502",3.5,+19142317666
Lotus Spa,"771 A Yonkers Ave, Yonkers, NY, 10704",3.5,+19142268460
Beaute Oblige,"635 Madison Ave, Manhattan, NY, 10022",5.0,+12127599099
Spa Sundara,"222 Metropolitan Ave, Williamsburg, NY, 11211",4.5,+13476004419
Wise Center For Plastic Surgery,"1680 Route 23, Wayne, NJ, 07470",4.0,+19733051400
New York Threading Salon,"362 W 110th St, New York, NY, 10025",4.5,+12122223203
MDY SPA,"704 Port Washington Blvd, Port Washington, NY, 11050",3.5,+16469610608
Department of Laser United States of America,"80 E 11th St, New York, NY, 10003",2.0,+18008819309
Wink Brow Bar,"7 Greenwich Ave, New York, NY, 10014",3.5,+18883498444
Greenberg Cosmetic Surgery,"160 Crossways Park Dr, Woodbury, NY, 11797",2.5,+15163644200
Skin Laundry Flatiron,"3 W 16th St, New York, NY, 10011",3.5,+16467609298
Manhattan Midtown EB Group,"30 E 60th St, New York, NY, 10022",1.5,+12126449494
Meena Beauty Salon,"46-21 Greenpoint Ave, Sunnyside, NY, 11104",2.5,+17184334242
Josiane Lederman,"116 Lamberts Ln, Staten Island, NY, 10314",2.0,+17183700422
Far East Wellness,"2150 Central Park Ave, Yonkers, NY, 10710",4.0,+19143378902
SCN Dermatology,"200 Grand Ave, Englewood, NJ, 07631",2.5,+12019443800
Day Spa Millburn,"313D Millburn Ave, Millburn, NJ, 07041",1.5,+19737671918
Cozy Massage & Facial,"1938 Williamsbridge Rd, Bronx, NY, 10461",3.0,+17185131035
Laser Spa And Techniques,"76 N Village Ave, Rockville Centre, NY, 11570",2.5,+15168081025
Massage Envy - Scarsdale,"777 White Plains Rd, Scarsdale, NY, 10583",3.0,+19149029200
Romeo & Juliette Laser Hair Removal,"5 E 57St, New York, NY, 10022",4.0,+12127502000
European Wax Center,"730 Morris Turnpike, Short Hills, NJ, 07078",3.5,+19734671100
European Wax Center,"800 Bergen Town Ctr, Paramus, NJ, 07652",3.5,+12012911002
Natural Therapeutic Spa,"184 E Post Rd, White Plains, NY, 10601",4.5,+19147619807
Hand & Stone Massage and Facial Spa,"457 State Hwy 35, Middletown, NJ, 07701",3.5,+17328428500
PURE Massage & Holistic Spa,"49 Orient Way, Rutherford, NJ, 07070",5.0,+12016933176
Skin Laundry-Midtown East,"240 E 54th St, New York, NY, 10022",3.5,+16466615756
Hand & Stone Massage and Facial Spa,"118 Headquarters Plaza, Morristown, NJ, 07960",3.5,+19739988055
Lite Touch,"1775 Broadway, New York, NY, 10019",1.0,+12125815118
European Wax Center,"1210 Hamburg Tpke, Wayne, NJ, 07470",4.0,+19736962929
Naturopathica Holistic Health - Madison,"667 Madison Ave, New York, NY, 10065",4.0,+16463133712
Massage Envy - Gramercy NYC,"312 E 23rd St, New York, NY, 10010",4.5,+12129951999
Tiffany Elle Aesthetics,"222 E 34th St, New York, NY, 10016",4.0,+19295009342
Push Fitness Club,"188-10 Union Tpke, Fresh Meadows, NY, 11366",3.5,+17184647874
Quality Healthcare & Wellness Center,"3342 Route 9 S, Old Bridge, NJ, 08857",3.0,+17329708700
European Wax Center,"164 South Ridge St, Rye Brook, NY, 10573",4.0,+19149379299
New York Beauty Center,"481 8th Ave, New York, NY, 10001",4.5,+16315306320
Spavia Day Spa - Ridgewood,"379 NJ-17, Ridgewood, NJ, 07450",5.0,+12016392288
Omni Beauty Salon,"152 5th Ave, Brooklyn, NY, 11217",4.5,+17187898887
Santhigram Kerala Ayurvedic Center,"3050 Woodbridge Ave, Edison, NJ, 08837",1.5,+17327381580
Massage Envy - Midtown West,"525 W 42nd St, New York, NY, 10036",3.5,+12124733689
Massage Envy - Rego Park,"89-44 Metropolitan Ave, Rego Park, NY, 11374",3.5,+17184593689
Massage Envy - Fair Lawn,"2150 Promenade Blvd, Fair Lawn, NJ, 07410",4.5,+12017942000
European Wax Center,"130 Montague St, Brooklyn, NY, 11201",3.5,+17184070177
Massage Envy - Holmdel,"2101 Route 35, Holmdel, NJ, 07733",5.0,+17327961000
Massage Envy - Bayonne,"211 Lefante Way, Bayonne, NJ, 07002",3.0,+12012431777
Massage Envy - Hoboken,"1170 Maxwell Ln, Hoboken, NJ, 07030",3.0,+12012531000
Massage Envy - Jersey City Downtown,"389 Washington St, Jersey City, NJ, 07302",2.5,+12014277997
Massage Envy - New York,"344 E 63rd St, New York, NY, 10065",3.0,+12128403689
Massage Envy - River Edge,"1041 Main St, River Edge, NJ, 07661",3.5,+12015255550
Massage Envy - Clifton,"852 Rte 3 W, Clifton, NJ, 07012",3.5,+19733403689
Massage Envy - Waldwick,"26 Franklin Tpke, Waldwick, NJ, 07463",4.5,+12016898400
Massage Envy - Woodbridge - NJ,"29 Woodbridge Center Dr, Woodbridge Township, NJ, 07095",3.5,+17328550500
Massage Envy - Edgewater,"725 River Rd, Edgewater, NJ, 07020",3.0,+12019412424
European Wax Center,"199 Seventh Ave, Brooklyn, NY, 11215",4.0,+17187753001
Massage Envy - Bayside,"38-03 Bell Blvd, Bayside, NY, 11361",3.5,+17182793689
Massage Envy - Port Washington,"47 Main St, Port Washington, NY, 11050",4.0,+15167676368
Massage Envy - East Rutherford,"100 Route 17 N, East Rutherford, NJ, 07073",2.5,+12017289460
Massage Envy - Westwood-NJ,"286 Fairview Ave, Westwood, NJ, 07675",3.5,+12017220055
Massage Envy - Closter,"51 Vervalen St, Closter, NJ, 07624",3.5,+12017843333
Massage Envy - Lake Success,"1476 Union Tpke, New Hyde Park, NY, 11040",3.5,+15166734278
Massage Envy - Garwood,"518 North Ave, Garwood, NJ, 07027",3.5,+19082334442
Massage Envy - Staten Island,"280 Marsh Ave, Staten Island, NY, 10314",2.5,+17184772800
Massage Envy - Oceanside,"3153 Long Beach Rd, Oceanside, NY, 11572",3.5,+15162551919
Massage Envy - Short Hills,"726 Morris Tpke, Short Hills, NJ, 07078",3.0,+19734675700
Massage Envy - Wayne,"22 Preakness Shopping Ctr, Wayne, NJ, 07470",3.5,+19736863689
Massage Envy - Verona,"285 Pompton Ave, Verona, NJ, 07044",2.5,+19735711322
Massage Envy - Marlboro,"126 Route 9 N, Englishtown, NJ, 07726",3.0,+17329729800
